item_id,title,item_category,media_type,score,item_content
1,"[Playlist] 나만 알고 싶은 밴드, 유다빈 밴드 노래 모음",music,long_form,85,유다빈 밴드의 노래 모음을 소개하는 플레이리스트 영상 이 콘텐츠는 시청자들에게 새로운 경험과 흥미를 선사합니다. 시청자들은 이 영상을 통해 유익한 정보와 재미를 동시에 얻을 수 있습니다. 시청자들은 이 영상을 통해 유익한 정보와 재미를 동시에 얻을 수 있습니다.
2,서머 시즌의 T1과 월즈에서의 T1이 달랐던 이유,game,long_form,90,T1 팀의 성적 차이를 분석하는 스포츠 해설 영상 다양한 각도에서 주제를 분석하고 흥미로운 이야기를 풀어냅니다. 시청자들은 이 영상을 통해 유익한 정보와 재미를 동시에 얻을 수 있습니다. 다양한 각도에서 주제를 분석하고 흥미로운 이야기를 풀어냅니다.
3,이게 삼국지야 미연시야,game,long_form,88,삼국지와 미연시가 결합된 게임을 리뷰하고 플레이하는 영상 시청자들은 이 영상을 통해 유익한 정보와 재미를 동시에 얻을 수 있습니다. 특히 관련된 경험담과 사례를 포함하여 몰입감을 더했습니다. 이 콘텐츠는 시청자들에게 새로운 경험과 흥미를 선사합니다.
4,환장의 미국 선물 단타쇼,education,short_form,80,재미있는 미국 선물 언박싱 및 리뷰 영상 특히 관련된 경험담과 사례를 포함하여 몰입감을 더했습니다. 이 콘텐츠는 시청자들에게 새로운 경험과 흥미를 선사합니다. 특히 관련된 경험담과 사례를 포함하여 몰입감을 더했습니다.
5,고고학이란 무엇인가?,education,long_form,85,고고학의 정의와 이집트 유물에 대해 설명하는 교육적 콘텐츠 시청자들은 이 영상을 통해 유익한 정보와 재미를 동시에 얻을 수 있습니다. 이 콘텐츠는 시청자들에게 새로운 경험과 흥미를 선사합니다. 특히 관련된 경험담과 사례를 포함하여 몰입감을 더했습니다.
6,뉴진스가 하면 히로캐미도 한다 이거지…라고 버니즈 캐미가 말했어요,entertainment,short_form,83,뉴진스 팬과 관련된 재미있는 에피소드를 소개하는 영상 제작자의 세심한 접근과 열정이 돋보이는 영상입니다. 이 콘텐츠는 시청자들에게 새로운 경험과 흥미를 선사합니다. 특히 관련된 경험담과 사례를 포함하여 몰입감을 더했습니다.
7,애플의 AI가 알고보면 더 엄청난 이유! 쉽게 설명해 드림,tech,short_form,86,애플의 AI 기술을 쉽게 설명하는 영상 이 콘텐츠는 시청자들에게 새로운 경험과 흥미를 선사합니다. 시청자들은 이 영상을 통해 유익한 정보와 재미를 동시에 얻을 수 있습니다. 다양한 각도에서 주제를 분석하고 흥미로운 이야기를 풀어냅니다.
8,유병재는 아주 유명한 암기핑임,life_style,short_form,77,유병재의 특징을 암기에 관련하여 소개하는 짧은 영상 다양한 각도에서 주제를 분석하고 흥미로운 이야기를 풀어냅니다. 제작자의 세심한 접근과 열정이 돋보이는 영상입니다. 시청자들은 이 영상을 통해 유익한 정보와 재미를 동시에 얻을 수 있습니다.
9,마지막 투어를 끝낸 기분이요? 아 솔직히…,music,short_form,84,투어를 마친 가수의 솔직한 소감을 인터뷰하는 콘텐츠 다양한 각도에서 주제를 분석하고 흥미로운 이야기를 풀어냅니다. 다양한 각도에서 주제를 분석하고 흥미로운 이야기를 풀어냅니다. 시청자들은 이 영상을 통해 유익한 정보와 재미를 동시에 얻을 수 있습니다.
10,사람도 기절시켜 버립니다! 아마존 강에 살고 있는 초대형 전기뱀장어,life_style,long_form,90,아마존 강에서 전기뱀장어를 잡고 경험을 공유하는 생태 다큐 영상 제작자의 세심한 접근과 열정이 돋보이는 영상입니다. 특히 관련된 경험담과 사례를 포함하여 몰입감을 더했습니다. 제작자의 세심한 접근과 열정이 돋보이는 영상입니다.
11,캐논 렌즈 소니에 끼울 수 있습니다,tech,short_form,75,캐논 렌즈를 소니 카메라에 사용할 수 있는 방법을 설명하는 튜토리얼 다양한 각도에서 주제를 분석하고 흥미로운 이야기를 풀어냅니다. 제작자의 세심한 접근과 열정이 돋보이는 영상입니다. 제작자의 세심한 접근과 열정이 돋보이는 영상입니다.
12,헬창판 흑백 요리사.. 오늘의 단백질은 뭔가요?,sports_health,short_form,82,헬스인을 위한 고단백 요리 레시피를 소개하는 짧은 영상 특히 관련된 경험담과 사례를 포함하여 몰입감을 더했습니다. 다양한 각도에서 주제를 분석하고 흥미로운 이야기를 풀어냅니다. 시청자들은 이 영상을 통해 유익한 정보와 재미를 동시에 얻을 수 있습니다.
13,헬스 엑셀 방송 | 헬창의 삶3,sports_health,long_form,78,헬스 관련 기록 및 팁을 엑셀로 관리하는 헬스인의 일상 콘텐츠 이 콘텐츠는 시청자들에게 새로운 경험과 흥미를 선사합니다. 시청자들은 이 영상을 통해 유익한 정보와 재미를 동시에 얻을 수 있습니다. 이 콘텐츠는 시청자들에게 새로운 경험과 흥미를 선사합니다.
14,주우재가 알려주는 가격대별 데님 추천,life_style,short_form,88,주우재가 추천하는 가격대별 데님 제품을 소개하는 패션 영상 제작자의 세심한 접근과 열정이 돋보이는 영상입니다. 제작자의 세심한 접근과 열정이 돋보이는 영상입니다. 시청자들은 이 영상을 통해 유익한 정보와 재미를 동시에 얻을 수 있습니다.
15,전세계 컴퓨터에 영역전개해서 블루스킨 띄운 기업,tech,long_form,85,세계적으로 블루스크린을 유발한 기업과 사건을 분석하는 영상 특히 관련된 경험담과 사례를 포함하여 몰입감을 더했습니다. 다양한 각도에서 주제를 분석하고 흥미로운 이야기를 풀어냅니다. 특히 관련된 경험담과 사례를 포함하여 몰입감을 더했습니다.
16,빵빵이의 복권당첨~,movie,short_form,74,복권에 당첨된 빵빵이의 반응과 에피소드를 담은 영상 이 콘텐츠는 시청자들에게 새로운 경험과 흥미를 선사합니다. 특히 관련된 경험담과 사례를 포함하여 몰입감을 더했습니다. 제작자의 세심한 접근과 열정이 돋보이는 영상입니다.
17,가장 받고 싶은 집들이 선물 월드컵,entertainment,short_form,80,집들이 선물로 인기 있는 아이템을 월드컵 방식으로 소개하는 영상 다양한 각도에서 주제를 분석하고 흥미로운 이야기를 풀어냅니다. 특히 관련된 경험담과 사례를 포함하여 몰입감을 더했습니다. 특히 관련된 경험담과 사례를 포함하여 몰입감을 더했습니다.
18,양배추전으로 살 10kg 그냥 뺍니다,food_cooking,short_form,89,다이어트를 위한 양배추전을 만드는 방법을 소개하는 영상 제작자의 세심한 접근과 열정이 돋보이는 영상입니다. 시청자들은 이 영상을 통해 유익한 정보와 재미를 동시에 얻을 수 있습니다. 시청자들은 이 영상을 통해 유익한 정보와 재미를 동시에 얻을 수 있습니다.
19,매일 반복되는 강아지의 하루,pet,short_form,85,강아지의 하루 일과를 귀엽게 담은 짧은 영상 다양한 각도에서 주제를 분석하고 흥미로운 이야기를 풀어냅니다. 이 콘텐츠는 시청자들에게 새로운 경험과 흥미를 선사합니다. 제작자의 세심한 접근과 열정이 돋보이는 영상입니다.
20,"귀,위가 터질거 같은 1일 4식 마카오 음식 일주",travel,long_form,82,마카오에서 하루 4끼를 먹으며 음식 문화를 체험하는 브이로그 이 콘텐츠는 시청자들에게 새로운 경험과 흥미를 선사합니다. 제작자의 세심한 접근과 열정이 돋보이는 영상입니다. 이 콘텐츠는 시청자들에게 새로운 경험과 흥미를 선사합니다.
21,뿌카몬 카드 게임 텅구리로 알아보는 오늘의 운세,game,long_form,87,포켓몬 카드게임을 하면서 텅구리 카드의 효과 동전 던지기로 오늘의 운세를 확인하는 영상 이 콘텐츠는 시청자들에게 새로운 경험과 흥미를 선사합니다. 이 콘텐츠는 시청자들에게 새로운 경험과 흥미를 선사합니다. 시청자들은 이 영상을 통해 유익한 정보와 재미를 동시에 얻을 수 있습니다.
22,침착맨의 흑백요리사 최종 라운드 컨설팅,food_cooking,short_form,93,"이 영상은 요리 경연 대회의 최종 라운드를 다루고 있습니다. 1대1 승부의 긴장감이 극대화되며, 참가자들의 실력과 개성이 돋보이는 장면들이 이어집니다. 특히 영상에서는 권성준이 최종 우승자로 발표되며, 그의 자신감 있는 태도와 요리 결과가 큰 감동을 줍니다. 흑백 요리사 컨셉으로 제작된 이 시리즈는 독특한 연출과 요리사의 진지한 태도가 어우러져 흥미를 끌며, 시청자들에게 요리의 즐거움과 경연의 긴장감을 동시에 전달합니다."
23,육묘 난이도 최하 고양이 영상,entertainment,short_form,83,"이 영상은 귀여운 고양이가 등장하는 단편 콘텐츠로, 고양이가 머리띠를 쓰고도 가만히 있는 모습이 웃음을 줍니다. 특히 '노조 머리띠'라는 자막과 함께 고양이의 무심한 표정이 큰 웃음 포인트입니다. 영상은 짧지만 시청자들에게 힐링과 재미를 동시에 전달하며, 반려동물 콘텐츠의 매력을 극대화합니다."
24,샘스파가 삼스파 중 찐 스파이더맨인 이유,movie,short_form,100,이 영상은 스파이더맨에 대한 재미있는 분석을 담고 있습니다. 샘스파와 삼스파 중 누가 진짜 스파이더맨인지에 대해 다양한 장면과 의견을 바탕으로 비교하며 유머러스하게 풀어냅니다. 특히 과학 실험실 장면에서 주인공의 모습이 시청자들의 웃음을 유발합니다.
25,버블검의 첫 실패작 레몬백작,movie,short_form,74,"이 영상은 애니메이션 캐릭터 버블검의 첫 실패작으로 불리는 레몬백작에 대한 이야기를 다루고 있습니다. 레몬백작의 독특한 성격과 폭력적인 모습이 재미있게 표현되며, 애니메이션 속 명장면을 모아 유머러스하게 편집한 콘텐츠입니다."
26,강추! 백종원표 10분 두부김치 레시피,food_cooking,short_form,82,"이 영상은 백종원이 알려주는 초간단 두부김치 레시피를 담고 있습니다. 삼겹살과 두부를 활용해 10분 만에 완성되는 레시피로, 바쁜 일상 속에서도 쉽게 따라 할 수 있는 요리법을 소개합니다."
27,20대 남녀의 대학 술 마시는 속도 차이,life_style,short_form,73,"이 영상은 20대 남녀가 대학에서 술을 마시는 모습을 비교하며 재미있게 표현한 콘텐츠입니다. 남자는 입영 통지서를 떠올리며 급하게 마시는 반면, 여자는 여유롭게 술을 즐기는 모습이 유머러스하게 그려져 시청자들에게 큰 웃음을 줍니다."
28,겨울 스노우보드 베이직 트레이닝 팁,sports_health,short_form,73,이 영상은 겨울 스포츠 초보자를 위한 스노우보드 베이직 트레이닝 팁을 제공하고 있습니다. 직활강과 보존 변환을 연습하며 적당한 속도와 자세를 유지하는 법을 설명해 초보자들도 쉽게 따라 할 수 있도록 도와줍니다.
29,소쿠리 속 낭이 뒤집기,pet,short_form,98,이 영상은 소쿠리 속에 낭이를 뒤집는 과정을 보여주는 재미있는 생활 꿀팁 영상입니다. 간단한 동작만으로 낭이를 깔끔하게 뒤집을 수 있는 유용한 팁이 소개됩니다.
30,오믈렛 도전기 24일 차,food_cooking,short_form,99,"이 영상은 오믈렛 만들기에 도전하는 과정을 담고 있습니다. 24일 차의 꾸준한 연습으로 더욱 완성도 높은 오믈렛이 탄생하며, 요리를 좋아하는 시청자들에게 영감을 줍니다."
31,음대생 악기 값은 얼마일까?,music,short_form,78,이 영상은 음대생들이 사용하는 악기의 가격을 알아보는 흥미로운 탐구 콘텐츠입니다. 음대생들의 생생한 인터뷰를 통해 악기의 가치와 중요성을 전달하며 교육적인 의미를 더합니다.
32,2023 메이크업 모아보기,beauty,short_form,96,"이 영상은 뷰티 크리에이터의 2023년 메이크업 총집합을 보여줍니다. 다양한 메이크업 스타일과 트렌드를 돌아보며, 뷰티 팬들에게 유익하고 영감을 주는 콘텐츠입니다."
33,사진 초보가 꼭 하는 실수,hobbies,short_form,74,"이 영상은 사진 초보자들이 흔히 저지르는 실수들을 설명하는 유익한 콘텐츠입니다. 사진의 구도, 빛 조절, 초점 맞추기와 같은 기본적인 실수들을 짚어주며 초보자들도 쉽게 따라 할 수 있는 간단한 팁을 제공합니다. 사진 촬영을 처음 시작하는 사람들에게 큰 도움이 되는 교육적인 영상입니다."
34,요즘 일본에서 유행하는 닭 게임,entertainment,short_form,98,"이 영상은 일본에서 유행하는 독특한 엔터테인먼트 게임을 소개합니다. 플레이어들이 닭 소리를 내며 서로 경쟁하는 모습이 유머러스하게 연출되며, 웃음과 함께 가벼운 즐거움을 선사합니다. 게임의 단순하지만 중독성 있는 재미가 시청자들의 흥미를 끌어당깁니다."
35,포켓몬 노래와 함께하는 뿌온카 개회식,entertainment,short_form,75,이 영상은 포켓몬 노래와 함께 진행된 개회식 장면을 담고 있습니다. 유머러스한 분위기와 즐거운 음악이 어우러져 시청자들에게 큰 재미를 선사합니다.
36,게임에 과몰입하면 생기는 일 5화,game,short_form,72,이 영상은 게임에 몰입한 플레이어들의 웃픈 상황을 보여줍니다. 특히 해상 전투 장면이 실감 나게 표현되며 게임 애호가들의 공감을 자아냅니다.
37,동물 타워 배틀 플레이 중,game,short_form,96,"이 영상은 동물 타워 배틀 게임을 플레이하는 모습을 담고 있습니다. 동물 캐릭터들이 쌓이는 모습이 유머러스하게 연출되며, 보는 이들에게 큰 웃음을 줍니다."
38,천천히 떨어지는 자석의 비밀,education,short_form,96,"이 영상은 전자기학의 원리를 실험을 통해 설명하는 교육 콘텐츠입니다. 자석이 금속관 안에서 천천히 떨어지는 현상을 시연하며, 패러데이의 법칙과 전자기 유도 현상을 쉽게 이해할 수 있도록 돕습니다."
39,고음 크리스토퍼 X 저음 영지,music,short_form,90,"이 영상은 가수 크리스토퍼와 이영지의 특별한 듀엣 무대를 담고 있습니다. 고음과 저음이 조화롭게 어우러져 색다른 감성을 전달하며, 라이브 공연에서의 뛰어난 보컬 실력을 감상할 수 있습니다."
40,2천원으로 기계식 키보드 튜닝하는 법,tech,short_form,79,"이 영상은 저렴한 비용으로 기계식 키보드를 튜닝하는 방법을 소개합니다. 2천 원만으로 키보드 소음을 줄이고 타건감을 개선하는 꿀팁을 제공하며, 키보드 애호가들에게 실용적인 정보를 제공합니다."
41,살아있는 행주 말리기,pet,short_form,91,"이 영상은 고양이를 목욕시킨 후 말리는 귀여운 장면을 담고 있습니다. 행주처럼 말리는 모습이 유머러스하게 연출되며, 반려동물과의 일상을 사랑스럽고 재치 있게 보여줍니다."
42,300도 죄불 소고기 타다끼,food_cooking,short_form,73,이 영상은 300도의 높은 열로 소고기 타다끼를 만드는 과정을 소개합니다. 겉은 바삭하고 속은 부드러운 완벽한 타다끼를 구현하는 방법이 시청자들에게 실용적이면서도 군침 도는 레시피를 제공합니다.
43,"남성들을 위한 여름, 겨울 코디법",life_style,short_form,73,이 영상은 남성들을 위한 여름과 겨울철 옷 스타일링 팁을 소개합니다. 다양한 계절에 맞는 패션 아이템과 코디법을 통해 간단하면서도 멋스러운 스타일을 완성하는 방법을 알려줍니다.
44,하츄핑 X 도핑 O,music,short_form,92,"이 영상은 빠른 드럼 연주를 통해 폭발적인 에너지를 선보입니다. 강력한 비트와 연주의 완벽한 조화는 보는 이로 하여금 경이로움을 느끼게 합니다. 특히 빠른 템포에서도 흔들리지 않는 연주자의 집중력과 스킬은 압도적이며, 드럼을 사랑하는 팬들에게 큰 감동과 영감을 제공합니다. 연주된 음악은 영화 OST로서 감정의 고조를 더욱 극대화합니다."
45,QR코드 티켓 가리는 법,tech,short_form,86,이 영상은 온라인 중고 거래나 티켓 판매 시 QR 코드를 안전하게 가리는 방법을 소개합니다. 개인정보 유출을 방지하고 안전한 거래를 돕기 위해 실용적이고 간단한 방법을 제시합니다. 실제 상황을 예시로 들어 QR 코드의 민감한 부분을 가리는 팁을 통해 시청자들에게 실질적인 도움을 제공합니다. 누구나 따라 하기 쉬운 접근법으로 온라인 거래의 보안을 강화하는 유용한 정보 영상입니다.
46,인형뽑기 국가대표,entertainment,short_form,88,"이 영상은 인형뽑기 고수의 놀라운 실력을 담고 있습니다. 주인공은 마치 국가대표처럼 정확한 타이밍과 기술을 활용해 연달아 인형을 뽑아내며 주변 사람들의 감탄을 자아냅니다. 인형뽑기에 대한 중독성 있는 재미를 잘 보여주며, 시청자들로 하여금 도전 의욕을 불러일으킵니다. 인형뽑기라는 평범한 게임을 마스터하는 과정이 유머와 스릴을 동시에 제공합니다."
47,만원대 이하 꿀템 추천,beauty,short_form,96,"연말을 맞아 올영 세일에서 만원대 이하의 실용적이고 가성비 높은 뷰티템 3가지를 추천하는 영상입니다. 각 제품은 피부 관리와 보습에 탁월한 효과를 제공하며, 일상에서 쉽게 사용할 수 있는 아이템들입니다. 리뷰어는 직접 사용 후 느낀 장점과 가성비를 강조하며, 특히 겨울철 피부 고민이 많은 시청자들에게 꼭 필요한 정보를 제공합니다. 알뜰한 쇼핑족들에게 큰 도움이 되는 현실적인 추천 콘텐츠입니다."
48,군대 야간근무 PTSD있는 친구 새벽 4시에 깨워서 근무 시키기 ㅋㅋㅋㅋㅋㅋㅋㅋ,entertainment,long_form,80,"이번 영상은 군인들의 일상을 담은 다큐멘터리 형태로 구성할 계획입니다. 촬영지는 병영 내부와 인근 지역으로, 군인들이 지내는 공간과 그들의 일상적인 활동을 생생하게 보여줄 것입니다. 아침 4시부터 시작해 하루 일과를 기록하면서, 이들이 얼마나 바쁘게 움직이고, 함께 식사하며 소통하는지를 중점적으로 다룰 예정입니다. 특히 점심시간, 군인들이 좋아하는 간편식과 현지 음식을 소개하며, 간단한 먹방 형식으로 일상적인 군대 식사 사연을 담아내는 것이 목표입니다. 또한, 군인들이 정기적으로 진행하는 신체 훈련 장면, 국방 교육, 그리고 잠깐의 여가 시간을 활용한 활동 등을 통해 군인의 삶의 다채로운 모습을 보여줄 것입니다. 이렇게 다양한 장면이 자연스럽게 이어지도록 편집하여, 관객들이 마치 군인들이 된 듯한 몰입감을 느낄 수 있도록 하겠습니다."
49,스피커+마이크만 합쳐도 1억;; 자이언티가 실제 녹음할 때 전자기기는 뭐쓸까?,music,long_form,94,"이 영상은 자이언티와 함께 그의 작업실을 탐방하는 내용을 담고 있습니다. 영상의 주인공은 다양한 전자 기기를 좋아하는 여러 아티스트의 작업실을 방문하고, 자이언티의 작업 환경에서 어떤 음악적 영감을 받는지를 탐구하고자 합니다. 자이언티의 스튜디오에서는 그의 음악이 태어나는 과정을 엿볼 수 있으며, 각종 기기와 악기에 대한 설명을 통해 음악 제작의 비하인드 스토리를 공유합니다. 이 과정에서 그와의 대화와 유머도 자연스럽게 포함되며, 팬들에게는 그가 얼마나 많은 기기를 사용하고 있는지를 보여주는 흥미로운 영상이 될 것입니다."
50,이번주 사고싶은거 다모음 문스셀렉트,car_auto,long_form,82,"영상 촬영은 한국의 다양한 자동차 전시 및 쇼룸에서 시작하여, 최첨단 기술을 체험할 수 있는 장소로 구성할 예정입니다. 이 과정에서는 테슬라의 사이버 캡을 실제로 경험할 수 있는 해운대 모터쇼나 관련 이벤트에서 인터뷰와 현장 촬영을 진행할 것입니다. 진행자는 사이버 캡의 디테일을 설명하면서 시청자들에게 가까운 시각적 체험을 제공할 수 있도록 하며, 고화질의 B-roll 영상을 통해 각종 기능 및 디자인 요소를 부각시킬 계획입니다."
51,해외서 정평 난 최고급 생선이 국내서도 잡혔다! 과연 맛은?,food_cooking,long_form,92,"이 비디오는 제주도의 습성 및 다양한 해양 생물, 특히 날새기에 대한 상세한 설명으로 구성되어 있습니다. 영상의 시작은 제주도에서의 생생한 현장감으로 시작되며, 해산물의 품질과 특징, 그리고 이 어종이 한국 식탁에 도입될 필요성이 대두됩니다. 촬영은 제주도의 선술집이나 횟집을 배경으로 하여 신선한 생선과의 유기적인 연관성을 강조할 예정입니다. 생선의 손질 과정과 요리하는 모습을 가까이에서 담아내어 시청자들에게 생선의 신선감을 전달하고, 생선의 식감과 맛을 생생하게 시각화 할 것입니다. 또한, 생선의 다양한 부위에 대한 설명과 요리법을 통해 요리하는 즐거움을 시청자들에게 선사할 예정입니다."
52,"[SUB] 나야, 에스파 프리티 핫 걸즈 젤닝이가 놀러왔어요 근데 이제 우정을 곁들인...♥EP.1",celeb,long_form,96,"이번 영상은 인기 아이돌 그룹의 한 멤버가 자신의 방에서 펼치는 새로운 토크쇼 포맷을 가지고 있습니다. 영상의 첫 시작은 카메라와의 인사로 시작되며, 이 공간이 실제 자신의 집이 아닐뿐더러 여러 문제로 진짜 집이 아닌 친구와의 합동 공간임을 설명합니다. 이어서 본격적으로 제품 홍보에 들어가는데, 이번에 소개할 제품은 ppr이라는 체지방 감소를 돕는 유산균입니다. 호기심과 개인적인 경험을 담아 이 제품에 대한 체험담을 나누며, 다이어트와 장 건강의 중요성도 강조합니다. 다음으로 다른 게스트들, 즉 친구들을 초대하여 그들과의 대화를 통해 긴장이 풀리고, 서로의 자연스러운 모습을 보여주는 장면이 이어집니다. 이 흐름에서 음식 (특히 해산물 라면)을 만드는 장면이 삽입되는데, 이는 요리를 통한 소통을 의미하며, 시청자들이 편안한 분위기 속에서 유쾌한 에너지를 느낄 수 있도록 합니다. 각각의 멤버들이 음식에 대한 이야기를 나누는 동안 자연스럽게 다른 주제로 넘어가며, 그들의 친밀한 관계와 서로에 대한 이해를 보여주는 것이 이 영상의 매력입니다. 특히 각자의 요리를 통해 서로 다른 취향과 스타일을 나누는 부분에서는 시청자들도 공감하며 시청할 수 있다는 점에서 큰 호응을 얻을 것입니다."
53,말로 웃기는 공연에 외계인 분장하고 온 미친놈ㅋㅋㅋㅋ,entertainment,long_form,100,"이 영상은 한국의 코미디 만담 형식으로, 세 명의 멤버가 서로 재치 있는 대화와 유머를 나누며 관객을 웃기는 공연을 담고 있습니다. 만담은 각 멤버가 차례로 등장하여 즉흥적으로 주제를 갖고 장난스럽게 이야기를 주고받는 재미가 있습니다. 영상의 맥락에서 첫 번째 멤버가 등장하고, 두 번째 멤버와의 첫인상 교환과 위트 있는 대립이 작품의 초점을 결정짓습니다. 이 과정에서 어느새 생긴 작은 갈등이나 우스꽝스러운 상황들이 코미디의 핵심이 됩니다. 각 멤버는 서로의 특징을 살려서 기발한 조크를 만들어내야 하며, 분장은 유머의 중요한 요소로 작용합니다. 예를 들어, 한 멤버가 외계인 복장을 하고 등장하면서 작은 갈등을 유발하여 스트레스가 쌓이는 웃음을 자아내는 방식입니다.
비디오 촬영은 홍대의 넓은 공연장이나 다양한 경치가 있는 장소에서 시작할 예정이며, 배경음악은 경쾌한 멜로디로 분위기를 띄울 것입니다. 촬영은 여러 각도에서 진행하여 각 멤버의 성격과 리액션을 극대화하려고 합니다. 또한, 관객의 반응을 실시간으로 촬영하되, 관객들이 코믹한 상황에 어떻게 반응하는지를 놓치지 않도록 신경 쓸 예정입니다. 각 세그먼트가 끝날 때마다 멤버들이 관객과 소통하며 자연스럽게 새로운 이야기를 이어가는 형식으로 편집할 것이고, 각 유머 포인트를 강조하기 위해 슬로우 모션이나 클로즈업 카메라 역시 적극 활용하겠습니다."
54,감스트 흑백요리사 셰프님 요리 먹어봤습니다,food_cooking,long_form,100,"이 비디오에서는 흑백 요리사 프로그램에 출연한 유명한 셰프를 만나 그의 비밀 레시피와 요리 과정을 같이 체험하는 내용을 다룹니다. 우선, 저는 이 셰프님이 있는 장소에 직접 가서 촬영을 진행할 계획입니다. 셰프님 집은 일식집 분위기가 나는 독특한 공간으로, 주방에서의 모든 과정이 잘 보이도록 카메라를 배치할 예정입니다. 카메라에는 인터뷰, 요리 과정, 그리고 요리를 시식하는 장면을 담을 수 있는 다각적인 시점이 포함됩니다. 요리를 시작할 때 셰프님과의 자연스러운 대화를 통해 요리의 기법과 재료 선택에 대한 자세한 정보를 전달할 것입니다. 이 과정에서 어떤 음식이 준비되는지도 시청자들에게 상세하게 설명하면서 요리의 매력을 극대화할 수 있도록 할 것입니다."
55,"""4년간 정말 지옥이었어"" 40대 유부남 전민기가 들려주는 부부의 실상 l 뉴다연",life_style,long_form,83,"이 비디오는 결혼 생활의 현실과 그에 대한 고찰을 통해 관객들에게 강한 메시지를 전달합니다. 결혼생활이 단순히 로맨틱한 환상에서 벗어나 얼마나 많은 노력을 요하는지를 이야기합니다. 특히, 피하는 것이 아니라 대화를 통해 갈등을 해결해야 한다는 점을 강조합니다. 결혼 생활은 마치 지속적인 운동처럼 매일매일의 배려와 노력이 필요하다는 것을 비유를 통해 설명합니다. 우리는 이 영상을 한국에서 촬영할 때, 실제 부부들의 일상적인 모습을 담아서 그들이 겪는 다양한 갈등과 소통의 과정을 생생하게 표현하고 싶습니다. 예를 들어, 가정에서의 작은 다툼, 육아 문제 그리고 경제적인 부담 등에 대한 이야기를 실제 부부의 대화 형식으로 풀어나갈 예정입니다. 이를 통해 시청자들은 결혼 생활이 가진 복잡함과 그 해결 방법을 함께 느껴볼 수 있을 것입니다. 사람들간의 신뢰와 꾸준한 소통이 얼마나 중요한지, 그리고 그러한 요소들이 결혼 생활의 개선으로 이어진다는 것을 실제 사례를 통해 극명하게 보여주고 싶습니다."
56,집순이들이 말아주는 내향형 플러팅😘 ㅣ미주&윈터 [셀폰KODE],life_style,long_form,82,"이번 영상에서는 유쾌한 두 캐릭터인 귀요미와 청양고chu~♥가 서로를 알아가는 과정을 블렌드하여 촬영해보려 합니다. 두 캐릭터의 대화는 유머와 호기심을 바탕으로 진행되며, 그들의 상호작용은 심도 있는 관계를 구축하는 데 도움을 줄 것입니다. 귀요미의 관찰력 있는 질문과 청양고chu~♥의 진솔한 답변은 이 개성 넘치는 캐릭터들이 서로의 취향과 성격을 이해해가는 모습을 드러내는 중요한 요소가 될 것입니다. 이 대화의 뼈대는 친구 또는 잠재적인 친구와의 환상의 연결을 기반으로 하여, 각각의 대화 주제가 독특한 매력을 더할 수 있도록 설정될 것입니다. 예를 들어, 귀요미가 청양고chu~♥의 닉네임에 대해 궁금해 하며 시작되는 대화는 그들의 취미와 관심사를 탐색하는 재미있는 시작점이 될 것입니다. 우리의 목표는 마치 실제 친구처럼 여기는 것 없이 자연스럽고 그리고 진솔하게 교류하는 모습을 구현하는 것입니다.
촬영 방식은 인터뷰 형식을 유지하면서, 다양한 앵글에서 등장인물들의 표정과 반응을 상세히 담아내는 것에 중점을 둘 것입니다. 초점을 맞춘 클로즈업 장면을 통해 귀요미와 청양고chu~♥의 미세한 표정 변화와 감정이 담긴 순간들을 포착하고, 소통의 생동감을 더욱 부각시킬 것입니다. 촬영지는 서울의 다양한 카페나 공원으로 설정하여 보이는 시각적 배경에 로맨틱한 느낌을 더하는 한편, 편안한 분위기를 조성할 수 있도록 하겠습니다. 물론, 영상의 전반적인 흐름과 리듬을 잘 유지하기 위해 대화의 템포를 조절하고, 두 캐릭터가 눈치를 챌 수 있는 유머러스한 상황들을 이끌어내는 것이 중요합니다."
57,"사장님 놀라서 전화옴ㅋㅋㅋ(엽떡 할인, 꿀조합 공개)",food_cooking,long_form,74,"이번 영상에서는 엽기떡볶이를 중심으로 다양한 토핑과 사이드 메뉴를 조합하여 소개하는 내용을 다루고자 합니다. 첫 시작 부분에서는 제가 대량으로 주문한 엽기떡볶이의 목록을 강조하며, 시청자들에게 해시태그와 함께 특별히 준비한 할인 이벤트를 소개할 계획입니다. 특히, 떡볶이의 가격과 양에 대해 언급하고, 떡볶이의 시각적 비주얼을 중요한 요소로 삼아 미리 준비한 디스플레이를 통해 엽기떡볶이와 각종 토핑을 세팅하는 장면을 촬영할 예정입니다. 이때 조명과 카메라 앵글을 조정하여 생생한 느낌을 전달할 수 있도록 하겠습니다. 재미있고 흥미로운 주제로 시청자들이 즐길 수 있도록 구성하면서, 떡볶이에 대한 다양한 정보와 팁도 함께 제공할 것입니다.
촬영 과정에서는 각 메뉴의 맛평가와 조합에 대한 감정을 생생하게 전달하기 위해 리액션을 강조할 것입니다. 각 토핑의 특징을 부각시키고, 어떻게 잘 어우러지는지에 대한 설명을 추가하여 시청자들이 영상을 보고 쉽게 따라할 수 있도록 할 것입니다. 또한, 엽기떡볶이의 특별한 조리법이나 새로운 조합을 시도하는 모습도 담을 것입니다. 마지막에는 총평을 통해 어떤 조합이 가장 맛있었는지를 정리하고, 할인 이벤트에 대한 재언급으로 마치며, 시청자들의 참여를 유도하겠습니다."
58,(ENG) 다들 성심당 성심당 하길래 얼마나 맛있나 먹어봤더니 성심당 성심당ㅣ대전 성심당 빵 리뷰ㅣ할명수 ep.189,food_cooking,long_form,93,"이 영상에서는 대전의 유명한 제과점 성심당을 방문하여 다양한 빵을 리뷰합니다. 촬영은 성심당 내부에서 진행하며, 고유의 분위기를 강조하기 위해 자연광을 최대한 활용할 예정입니다. 첫 장면에서는 성심당의 외관을 드론으로 촬영하며 매력적인 시작을 알리고, 이어서 내부의 다양한 빵들을 자세히 담아낼 것입니다. 사람들의 붐비는 풍경과 그에 따른 감정을 표현하기 위해 실제 고객들의 반응도 담을 예정입니다. 또한, 각각의 빵에 대한 박명수의 솔직한 리뷰와 음식을 먹는 순간의 ASMR 효과를 통해 시청자들에게 생생한 맛을 전달하겠습니다.
각 빵에 대한 설명과 함께 짧은 인터뷰 형식으로 가게의 역사와 인기 메뉴에 대한 정보를 담아 시청자들에게 성심당에 대한 깊이 있는 인식을 줄 것입니다. 빵을 손에 집고 한 조각씩 나눠 먹으며 각 빵의 특성을 세심하게 분석하고 평가할 예정입니다. 맛을 평가할 때는 개인적인 취향을 반영하되, 더 많은 사람들이 쉽게 느낄 수 있는 맛의 공감을 불러일으키는 방식으로 진행할 계획입니다. 영상의 전반적인 흐름은 즐겁고 유머러스하며, 불필요한 광고나 PPL은 지양하고 오로지 솔직한 리뷰에 중점을 두겠습니다.
앞서 언급한 대로, 촬영에는 빵을 만지거나 먹을 때 소리가 잘 들릴 수 있도록 마이크를 중요한 위치에 두어 소리도 잘 담기게 할 것이며, 영상의 편집 과정에서는 빠른 템포와 심플한 비주얼로 지루한 느낌을 주지 않도록 유의하겠습니다. 리뷰하는 각 빵의 매력을 한껏 강조하기 위해 각 컷이 잘 연결되도록 동선과 각도를 고민하는 것도 잊지 않겠으며, 시청자들이 편안하게 시청할 수 있는 경험을 준비하겠습니다."
59,[ENG] 대한민국 최고의 ㅂㅅ🍨 최고의 뒤져...ㄸ... 여름이 세상에서 제일 싫어여...☀💦 | 설빙 알바 리뷰 | 워크맨 ep.110,entertainment,long_form,90,"본 영상은 여름철 인기 디저트인 빙수 가게 설빙에서 아르바이트 체험을 하는 과정을 담고 있습니다. 크리에이터는 오전 9시에 출근하여 다양한 업무를 수행하는 모습을 담아냅니다. 영상은 처음 출근 준비와 점장님과의 간단한 인터뷰, 팀원들과의 소통을 보여주며, 설빙 알바의 생생한 하루를 전달합니다. 이어지는 과정에서는 빙수를 만드는 법, 고객 응대, 주문 받기 등의 일상적인 작업들이 포함되어 끊임없이 변화하는 상황 속에서의 긴장감과 유머를 형성합니다. 마케팅 측면에서, 이러한 체험기는 많은 사람들이 여름철에 빙수를 즐기는 모습을 보여줄 뿐만 아니라, 알바에 대한 궁금증을 해소하며 가게의 분위기를 실감나게 전달합니다. 촬영은 카메라를 실제 매장에 설치해 일상의 흐름을 자연스럽게 보이도록 하며, 주요 매장 내부와 외부에서 직원과 고객의 상호작용을 포착하는 방식을 사용할 것입니다."
60,고능한 아이돌인 내가 이 세계에서는 킹받는 아저씨?!ㅣ강민경&aespa 닝닝 [셀폰KODE],celeb,long_form,65,"이 영상은 서로 다른 캐릭터들을 가진 두 주인공이 재미있고 유쾌한 대화를 나누는 모습을 담고 있습니다. 나는 이 두 인물, 님아와 냥희의 캐릭터를 명확히 드러내면서 그들의 개성을 부각시킬 프로젝트를 구상하고자 합니다. 촬영은 한국의 다양한 배경을 활용할 예정이며, 특히 카페나 거리, 공원 등의 자연스러운 배경을 통해 시청자에게 친숙한 감정을 불러일으킬 것입니다. 이들은 대화 중에 서로의 성격을 탐구하고, 개그와 농담을 섞어가며 시청자에게 웃음을 전할 수 있을 것입니다. 또한, 촬영은 이들의 캐릭터와 스타일에 맞춘 다양한 카메라 앵글을 활용할 예정이며, 진솔한 순간들을 담아내고자 하며, 자연스러운 즉흥 연기를 이끌어내겠다는 목표를 가지고 있습니다.
두 번째로, 각 캐릭터의 독특한 진입 방식과 대화 형태가 드러나는 장면들이 필요할 것입니다. 각자의 대사를 함께하면서 서로를 놀리고, 생기는 화학작용을 담기 위해 충분한 리허설과 즉흥 연기를 준비할 것이며, 이러한 자연스러운 상호작용은 시청자들에게 진정한 재미를 선사할 것입니다. 또한, 시청자와의 교감을 높이기 위해 몇 가지 선택사항에 따른 반응을 촬영하여 댓글로 의견을 받는 방식으로 인터랙션을 더욱 강화할 것입니다. 이 영상은 단순히 웃음을 주는 것뿐만 아니라 각 인물의 깊은 캐릭터를 탐구할 수 있는 기회가 될 것입니다."
61,역대급 레전드 응급실 썰 푼다 [을지대 응급구조학과] | 전과자 ep.71 [EN],education,long_form,74,"이 비디오는 응급구조학과에 대한 소개와 학생들의 실습 과정을 영상으로 담아내는 형식입니다. 카메라는 을지대학교 응급구조학과의 수업과 실습 현장을 중심으로 촬영되며, 실제 응급 상황에서 필요한 기술과 지식을 배우는 학생들의 모습을 자세히 보여줍니다. 비디오의 시작은 진행자가 성남 남한산성 입구에서 착용한 구급대원의 복장을 소개하면서 시작됩니다. 이곳에서 응급구조학과의 다양한 프로그램과 수업 내용을 알차고 유머러스하게 풀어냅니다. 촬영지는 을지대학교이며, 이곳에서 진행되는 수업과 실습을 통해 학생들은 다양한 응급 상황에 대비하고 필요한 기술을 연습하게 됩니다.
각 수업에서는 학생들이 참가하여 시뮬레이션된 상황을 통해 실제 응급 처치 방법을 익히고, 각종 장비를 활용하는 모습을 보여줍니다. 특히, CPR(심폐소생술) 및 응급 상황에서의 팀워크를 강조하며, 학생들 간의 대화와 서로의 경험을 공유하는 모습이 부각됩니다. 이러한 과정에서 학생들은 의료진으로서의 직업의식을 배우고, 실제 상황에서 직면할 수 있는 다양한 시나리오를 연출하여 실습합니다. 이 비디오는 응급 의료의 중요성과 준비성을 인식하게 하며, 긴박한 상황 속에서도 차분하고 전문적으로 대응해야 함을 강조할 예정입니다."
62,지금은 오전 10시 저희는 스트레칭을 하고 있습니다. 수원 왕자의 웜업캠🎥 [2024 마무리캠프],sports_health,long_form,93,"이 비디오는 운동 후 스트레칭을 통해 몸의 회복과 유연성을 증진시키는 방법을 이야기합니다. 영상의 초반부에서는 트레이너 강건민이 등장하여, 스트레칭의 중요성과 어떻게 하면 올바르게 스트레칭할 수 있는지에 대한 간단한 설명을 제공합니다. 카메라는 자연광이 비치는 야외에서 촬영될 예정이며, 다양한 각도에서 스트레칭 동작을 촬영하여 시청자들에게 더욱 실감나게 스트레칭 과정을 전달합니다. 특히 시청자들이 따라 하기 쉽도록 동작 하나하나를 천천히 상세히 보여줄 계획입니다. 이 과정에서 각 동작의 효과와 주의사항에 대한 설명도 더해 시청자들이 스트레칭의 필요성과 기법을 잘 이해하도록 할 것입니다.
영상의 중간 부분에서는 실제로 스트레칭을 하는 장면이 중심이 됩니다. 주인공과 트레이너가 함께 격려하고 대화를 나누며, 운동의 동기를 부여하는 목소리도 함께 담아냅니다. 이를 통해 시청자들은 운동에 대한 흥미와 자신감을 느낄 수 있을 것입니다. 각 스트레칭 동작은 전문적인 시각에서 간단하고 쉽게 설명되고, 트레이너는 각 동작들을 시연하면서 동시에 잘못된 자세나 동작을 교정해주는 팁을 제공할 것입니다. 마지막 부분에서는 시청자들이 자신의 운동 루틴에 이 스트레칭을 어떻게 통합할 수 있을 지에 대한 안내로 마무리할 예정입니다."
63,(ENG) 이 리뷰는... 아주 이븐하게 익었어요. 그래서 대만🇹🇼 간식은 합격입니다ㅣ할명수 ep.203,food_cooking,long_form,72,"이 영상은 대만의 다양한 간식을 리뷰하는 형식으로 구성됩니다. 촬영은 한국의 유명한 유튜버들이 대만에 여행을 가서 현지 마트인 까르푸를 방문하는 장면으로 시작됩니다. 이곳에서 그들이 소개할 간식들을 장바구니에 담고 맛을 보고 솔직한 리뷰를 나누는 모습이 보여집니다. 각 간식의 특성과 맛을 솔직하게 설명하면서, 해당 제품의 장점과 단점을 한인 유튜버들의 유머와 함께 전달할 예정입니다. 촬영 기법으로는 가까이서 촬영하여 식사 과정을 집중적으로 보일 필요가 있습니다. 또한, 각 간식의 텍스처와 색감을 잘 드러내기 위해 평범한 조명 아래에서 촬영하며, 필요한 경우 자막을 추가하여 내용을 명확히 전달할 계획입니다. 시청자들이 쉽게 이해할 수 있도록 간식의 이름과 설명을 각 간식이 클로즈업 될 때 화면에 텍스트로 띄워주면 좋을 것입니다.  또한 먹는 모습에 대한 다이나믹한 촬영이 시청자의 흥미를 유도할 것입니다.
영상 후반부에는 대만의 유명한 음료 및 주류를 시음하는 장면도 포함할 예정입니다. 이 부분에서는 대만의 맥주와 유명한 고량주 등을 시음하면서 그 맛에 대한 주관적인 평가를 전달하게 됩니다. 각 제품을 시음하는 순간의 리액션을 고해상도 카메라로 잡아내어, 시청자들이 그 맛을 생생하게 느낄 수 있도록 하고자 합니다. 유머를 섞어가며 이야기를 전개하면서, 대만의 음식 문화에 대한 설명도 덧붙이면 좋을 것 같습니다. 이처럼 즐겁고 재미있는 분위기를 조성하는 것이 이 영상을 관람할 시청자에게 긍정적인 경험이 될 것입니다."
64,웃소의 거짓말 챌린지,entertainment,long_form,97,"이 영상은 웃소의 거짓말 챌린지를 주제로 한 콘텐츠로, 게임의 룰을 명확히 설명한 후에 진행하는 방식입니다. 촬영은 한국의 다양한 장소에서 진행하며, 특히 팬들과의 소통이 중요한 만큼 사인회 현장도 포함할 예정입니다. 게임의 기본적인 구조는 각 참여자가 두 개의 접시 중 하나를 선택하고, 그 안에 무엇이 들어 있을지를 추측하는 방식입니다. 이 과정에서 먹는 음식이 무엇인지에 따라 점수를 획득하게 되며, 서로의 반응과 표정에서 진실과 거짓을 구별해야 합니다. 촬영할 때에는 각자의 개성을 부각시키기 위해 다양한 카메라 앵글을 사용하고, 그룹 토크 형식으로 자연스러운 대화가 엿보이도록 설정할 것입니다. 또한, 음식을 선택하는 순간의 긴장감을 극대화하기 위해 저조도 조명과 음향 효과를 극대화하여 스릴을 더할 예정입니다. "
65,"삼성 vs KIA, 2024 KBO 최강 구단은? [한국시리즈]ㅣ야구대표자 입덕가이드 특별편[EN]",sports_health,long_form,71,"이번 비디오는 한국 야구의 최고 순간을 여과없이 보여주는 특별한 토론회를 다룹니다. 영상에서는 시작부터 전문가들이 모여 한국시리즈의 우승 가능성에 대해 심도 깊은 논의를 진행하며, 각 팀의 전략과 선수들의 상태에 대해 분석합니다. 특히 기아 타이거즈와 삼성 라이온즈의 대결을 중심으로, 두 팀의 팬스가 서로의 우승 확률에 대해 토론하는 장면이 부각됩니다. 촬영은 한국 주요 야구 경기장과 팬들이 모이는 장소에서 진행될 예정이며, 경기 전후의 뜨거운 분위기를 익사이팅하게 담을 계획입니다. 2시간 남짓한 시간 동안 각 팀의 장단점을 비교하고, 선수들의 경기력, 팀 내외부의 지지와 반응을 포착할 것입니다. 나아가 이 비디오는 KBO 리그의 선진적인 모습과 야구가 한국 사회에서 가지는 의미도 조명할 예정입니다. 야구를 둘러싼 문화와 팬의 열정을 실제 경기 중계와 함께 담아내며, 한국의 야구 팬들이 기대하는 행사로 만들어갈 것입니다."
66,2025수능 D-4 수능 4일 전 2025수능 수험생 유의사항 리뷰해보았습니다,education,long_form,89,"이 영상에서는 2025학년도 수능을 준비하는 수험생들을 위한 완벽한 가이드를 제공하고자 합니다. 첫째, 영상은 수능 날짜가 다가오는 11월 4일에 맞춰 작성되어 다양한 팁과 정보를 다루게 될 것입니다. 영상의 시작 부분에서 수험생들이 흔히 가지는 수능에 대한 불안감을 극복할 수 있도록 동기부여하는 방식으로 진행할 것입니다. 다양한 시험의 변화와 그에 따른 공부 방법에 대한 설명을 통해 시청자들이 수능에 대한 새로운 시각을 가질 수 있도록 해보겠습니다. 또한, EBS 영어 수능특강과 같은 연계 교재 활용법을 설명하며, 각 과목별 공부 전략과 시험 당일의 유의사항을 공유하겠습니다. 이를 통해 수험생들이 실질적으로 도움이 되는 정보를 얻을 수 있도록 진행할 것입니다. 필기구 및 준비물 체크 리스트를 만들고, 수험생들이 놓치기 쉬운 부분들을 점검하는 공간도 마련하겠습니다."
67,역대 최다 요청🚨 드디어 또 왔습니다.. 전주 1등 맛집 최종판 등장 | 또간집 EP.64,food_cooking,long_form,82,"이번 영상에서는 전주를 중심으로 다양한 맛집을 탐방하려고 합니다. 전주라는 지역은 전라도의 중심으로, 그들에게는 특별한 맛과 음식 문화가 있습니다. 우리는 이곳에서 수많은 맛집들을 발견하고, 첫 번째로는 '스시 미라이'라는 스시 전문점을 다룹니다. 이 가게는 신생 맛집으로, 특히 두껍게 썬 스시와 함께 가지 튀김이 유명합니다. 방송에서는 가지 튀김의 맛을 실시간으로 꼼꼼히 평가하며, 다양한 반응과 경험담을 공유할 예정입니다.
영상은 매끄러운 후크와 함께 시작하여, 전주에 대한 간단한 소개와 맛집 투어를 시작하는 멘트로 이어질 겁니다. 인터뷰와 촬영 과정에서는 현지인들의 반응과 추천도 담아내어, 보시는 분들이 마치 전주에서 직접 먹방을 즐기는 듯한 느낌을 받을 수 있도록 할 것입니다. 또한, 관객들로부터 맛집 추천을 받고 그에 따라 새로운 가게를 추가적으로 방문하는 방식으로 진행될 것입니다. 다양한 지역 주민들과의 생생한 소통을 통해 전주를 더욱 깊이 이해하고, 그곳의 진정한 맛을 전하겠습니다."
68,[유료광고포함] 🍼 내가..엄마..? 낮에는 육아 밤에는 일! 24시간이 모자라다! 일주일동안 열정가득 엄마로 살기 챌린지!,life_style,long_form,67,"이번 영상에서는 저의 아기 주아와 함께한 특별한 일상을 소개하고 싶습니다. 이 영상은 한 편의 따뜻한 일기처럼 제 개인적인 경험을 담아낼 예정입니다. 특히 주아가 제게 얼마나 소중한 존재인지, 그리고 시어머니와의 관계, 그리고 저의 육아 방법에 대해 이야기할 것입니다. 에피소드는 주아의 성장 과정, 수영장에 가는 날의 즐거움, 그리고 저녁 식사를 함께 준비하는 모습 등을 포함하여 하루의 다양한 순간들을 포착할 것입니다.
촬영 방식에 대해서는 실제 일상의 모습들을 자연스럽게 담아낼 '브이로그' 스타일을 선택하고자 합니다. 카메라를 들고 주아와 함께 놀고, 요리하는 장면 등을 담아내면서 처음 보는 사람도 저의 육아 라이프에 쉽게 공감할 수 있도록 하겠습니다. 또한 주아가 크면서 겪는 여러 변화들을 메모리그래피로 남기고, 시어머니께서 주아에게 베풀어 준 사랑과 지혜에 대한 감사의 마음도 전하고 싶습니다. 저의 소중한 일상을 통해 시청자들이 공감하고 힐링할 수 있는 콘텐츠를 만들고 싶습니다."
69,직장인에게 N잡이 최악인 이유는? 퇴사를 고민하는 3040을 위한 송길영 박사의 해결책 (feat. 본진) | B주류경제학,economy,long_form,89,"이 비디오에서는 '머니 그라피'의 진행자 김창선이 송기영 박사님을 초대하여 현대 사회에서의 직업에 대한 심도 있는 논의를 펼칩니다. 먼저, 이들은 현대 사람들이 겪고 있는 직업에 대한 불안감을 논하며, 특히 '그만두고 싶은' 심리적 상태에 대해 이야기합니다. 그들은 증가하는 경쟁과 인플레이션 속에서 각자의 존재 가치를 찾아가는 것의 중요성을 강조합니다. 박사님은 자신의 직업적 전환을 통해 어떻게 사람들의 마음을 이해하게 되었는지를 공유하며, 이를 통해 직업을 변경하거나 새로운 가치를 부여하는 과정에서의 경험을 얘기해 나갑니다.
비디오는 직업을 단순히 생계를 책임지는 수단이 아닌, 개인의 정체성과도 관련된 소중한 요소로 묘사합니다. 송 박사님은 직업이 개인을 정의하는 방식이자, 사회에서의 위치를 반영하게 되는 과정을 설명합니다. 마지막으로, 두 사람은 본진을 정하는 것이 직업 선택에서 얼마나 중요한지를 제안하며, 각 사람이 자신의 본질을 이해하고 그에 따라 직업을 선택하도록 격려합니다. 이 영상은 직업에 대해 새롭게 바라볼 기회를 제공하며, 참가자들이 스스로의 직업을 어떻게 정의할 수 있을지에 대한 통찰을 제공합니다."
70,10만원 이하 미친 스피커로 시장을 압살해버린 '그 녀석'.. 후속작이 나왔다?,tech,long_form,86,"이 영상에서는 에디파이어 MR3 스피커의 사용 경험과 MR4와의 비교를 중점적으로 다루고 있습니다. 영상의 시작은 에디파이어 MR3를 개봉하는 장면으로 시작될 것이며, 카메라는 제품을 자세히 비추어 제품의 외관과 포장을 살펴볼 것입니다. 개봉 후에는 스피커의 디자인 요소와 크기, 그리고 기존의 MR4 모델과의 비교를 통해 크기 변화와 디자인 개선 사항을 강조할 것입니다. 제품을 사용하기 전에 MR3의 사양에 대해 간략하게 설명한 후, 실제 소리를 들어보는 세션으로 넘어갈 것입니다. 이때 다양한 음악 장르를 사용하여 차별화된 음질을 비교하고, 베이스와 보컬의 성향이 어떻게 다른지를 토대로 개인적인 소리의 취향에 대해 이야기할 것입니다.
영상 중반부에서는 MR3와 MR4의 차이점 및 각 모델의 특징을 실험적으로 청취해보는 장면이 있을 것입니다. 이때 양쪽의 스피커를 동시에 테스트하면서 음질 차이를 잘 보여줄 수 있도록 하여, 시청자들이 직접 비교할 수 있게 구성합니다. 이후 소리가 어떻게 다르게 들리는지에 대한 의견을 교환하며, PD와의 인터뷰 형식을 활용해 서로의 경험을 공유하고 시청자들에게 스피커 선택에 대한 조언을 줄 것입니다. 마지막으로, 스피커 구매를 고려하는 소비자들을 위해 가격에 대한 가치 판단을 내리며, 추천할 수 있는 최적의 가격대론 레포트를 통해 정보를 정리합니다. 이렇게 독자적인 구성이 돋보이는 영상은 시청자들에게 실질적인 구매 안내 역할을 할 것입니다."
71,페이커는 왜 대상혁인가,game,long_form,73,"이번 영상은 2023 롤드컵에 대한 자세한 분석과 페이커, 즉 이상혁의 감동적인 여정을 따라갑니다. 우리는 한국 이스포츠의 아이콘인 페이커와 T1 팀이 2013년의 첫 우승부터 시작해 그동안 겪어온 고난과 좌절을 심층적으로 살펴볼 것입니다. 초반에는 페이커가 SKT T1으로 데뷔하면서 보여준 발전과 경기력 향상을 중점적으로 다루고, 팀이 처음으로 LCK 우승을 차지한 후의 이야기를 이어갑니다. 이를 통해 우리는 페이커가 이스포츠 세계에 미친 영향력을 재조명하며, 그가 단순한 선수 이상의 존재임을 강조할 것입니다. 카메라는 그 시절의 경기 장면과 각종 인터뷰 영상, 그리고 팬들의 반응을 교차로 보여줘서 보는 이들이 더욱 몰입할 수 있도록 할 것입니다."
72,250억원으로 수족관카페를 만드면 생기는일..ㄷㄷ,life_style,long_form,86,"안녕하세요 여러분, 부입니다! 오늘은 한국에 신비롭고도 특별한 대형 수조관 카페의 공사 현장을 소개해 드리겠습니다. 총 250억 원 이상이 투자된 이 카페는 3층 구조로 예정되어 있으며, 2층과 3층은 특히 예술적으로 꾸며질 예정입니다. 오늘은 수백 수천 마리의 생물을 투입하는 날이기도 한데요, 이 카페 내부의 분위기를 살펴보고 직접 공사 현장을 체험해볼 수 있는 기회를 가지게 되었습니다.
이 영상은 스토리텔링 방식으로 구성될 것입니다. 첫 번째로, 카페의 공사 현장을 부감적으로 촬영하여 시청자들이 카페의 전체적인 구조와 크기를 이해할 수 있도록 할 것이며, 이어서 1층부터 탐방을 시작하겠습니다. 각 층을 촬영하면서 생물의 종류와 카페의 디자인 요소들을 시청자들에게 자세히 소개하고, 각종 수조의 다양한 생물들의 아름다움과 특성들을 다양한 관점에서 비추고 싶습니다. 카페의 대표님과의 인터뷰를 통해 카페의 컨셉과 독특한 요소들에 대한 설명도 포함할 계획입니다."
73,제주도 다녀오고 병원비로 20만원 쓴 갱이씨의 제주 여행기,travel,long_form,74,"이번 영상은 귀여운 강아지와의 일상을 담은 브이로그로, 애완동물을 키우는 사람들에게 많은 공감을 불러일으킬 것으로 기대됩니다. 한국의 아름다운 자연을 배경으로 남녀 주인공이 강아지와 함께 놀고 먹는 모습이 중심 주제입니다. 먼저, 개가 등장하는 도입부에서는 유쾌한 음악과 함께 강아지가 주인공들에게 의사소통을 하며 귀여운 모습을 보입니다. 주인공들은 강아지를 부르며 애정 어린 대화를 나누고, 강아지가 탐나는 간식을 찾기 위해 주위를 돌아다니는 장면이 이어집니다.
촬영 기법으로는 다양한 앵글을 활용하여 강아지의 귀여움을 효과적으로 부각시키고, 세밀한 클로즈업 샷을 통해 각 캐릭터의 감정을 담아낼 예정입니다. 중간 유머 요소로는 강아지가 간식을 탐내는 장면을 부각시킬 계획이며, 이때 사용될 다양한 BGM은 영상의 경쾌함을 더할 것입니다. 또한, 강아지의 행동을 반영하는 자막을 삽입하여 많은 시청자들이 쉽게 공감할 수 있도록 할 것입니다. 마지막에는 강아지와의 일상적인 루틴이 포함되고, 이를 통해 애완동물을 키우는 것이 주는 행복과 사랑에 대한 메시지를 전달하고자 합니다."
74,해외에서 난리라는 무한동력 장치.. 직접 만들어 봤습니다ㄷㄷ,tech,long_form,99,"영상은 ""무한 동력""이라는 주제에 대한 여러 가지 오해와 실제로 불가능한 이유들을 자세히 설명하는 방식으로 진행됩니다. 먼저 영상에서는 나름의 무한 동력 장치가 어떻게 작동하는지를 보여주며, 실험적인 접근 방식을 통해 시청자들을 시각적으로 끌어들입니다. 물을 이용한 지속적인 회전 기계의 예를 통해 동력 생성 장치가 결국에는 외부 에너지원이나 배터리에 의존할 수밖에 없음을 설명하는 데 중점을 두고 있습니다.
촬영은 한국의 전통적인 마당이나 개방된 공간에서 진행할 예정입니다. 이를 통해 쉽게 접근할 수 있는 분위기를 조성하고, 다양한 실험 장비들을 설치할 수 있는 환경을 만듭니다. 영상의 첫 부분에서는 장치의 구성을 보여주고, 그 원리에 대해 간단한 설명을 붙입니다. 후속 장면에서는 실제 물이 회전하는 모습, 그리고 그로 인해 모터가 어떻게 돌아가는지를 보여줍니다. 이런 과정을 통해 시청자들이 직접 실험을 시도해보도록 유도할 수 있습니다. 하나의 실험에서 확실한 변화가 생길 때, 그 순간을 클로즈업으로 잡아내어 시청자들에게 시각적으로 인상 깊게 남기는 것이 중요합니다. 이를 통해 단순한 과학 교실의 강의 형식을 벗어나, 흥미와 호기심을 자극할 수 있는 콘텐츠로 만들 계획입니다."
75,출판사를 만든 스트릿 사진작가 | 사진 친구가 필요해 ep.5 | 이동훈 작가 인터뷰,hobbies,long_form,85,"이번 영상은 사진작가 더스틴 리가 한국의 다양한 풍경을 촬영하며 자신의 사진 작업과 그 과정에서 느끼는 감정에 대해 이야기하는 내용을 담고 있습니다. 영상의 시작 부분은 더스틴이 자신의 배경과 사진에 대한 열정을 어떻게 형성했는지에 대한 설명으로 시작합니다. 그는 고등학교 시절 미국에서 배운 암실 클래스를 언급하며 흑백 사진의 매력에 빠졌던 이유와 그 시절의 불안과 그리움을 이야기합니다. 이후 그는 전문가로서의 경로를 거쳐 웨딩 사진을 촬영하던 시절도 회상하면서, 그 과정에서 개인적인 만족이 줄어들어 갔다는 점을 강조합니다. 현재 더스틴은 자신의 사진미학에 따라 누군가의 요구에 맞춰 찍는 것을 벗어나 주로 개인적으로 감동받는 대상들을 촬영하며 자기만의 스타일을 찾고 있다고 전합니다.
영상은 또한 그의 일상적인 촬영 일정과 기술적인 과정에 대한 자세한 묘사를 통해 더스틴의 철학적인 접근 방식을 보여줍니다. 매주 적어도 한 번은 찍으러 나가고, 새로운 장소를 탐색하는 그의 모습을 담아 다양한 대중교통 수단을 이용하며 풍경을 감상하는 모습을 영상으로 담기 위해 헌신합니다. 그곳에서의 경험은 그에게 새로운 감정과 영감을 주고, 감각을 유지하는 것이 얼마나 중요한지를 이야기합니다. 마지막으로 그는 10년 이상 한국을 촬영해오면서 느끼는 향수와 그리움이 자신의 작업에 어떻게 반영되었는지를 설명하며, 미래의 프로젝트에 대한 계획과 함께 한국의 문화와 자연에 대한 깊은 애정을 드러냅니다."
76,사람들은 언제부터 제모하기 시작했을까?,education,long_form,67,"이번 영상에서는 제모의 역사를 탐구하는 흥미로운 여행을 떠나고자 합니다. 영상을 촬영하기 위해 고대 이집트의 유적, 로마의 목욕탕 유적지, 그리고 중세 유럽의 미술 작품들을 배경으로 사용하여 시청자에게 직접적인 시각적인 정보를 제공할 예정입니다. 제모의 기원을 시작으로 고대 이집트에서는 신체의 청결과 미를 중시했던 것을 강조할 것입니다. 또한 고대 이집트의 고급스러운 몸매를 위한 제모 방법들을 재현하여 보여줄 계획입니다. 현재에도 사용되는 슈거링 기법은 과거의 제모 방식과 현대의 미용 방법들을 비교 분석할 수 있는 좋은 기회를 제공합니다.
영상에서는 고대 이집트 외에도 로마 제국과 힌두교, 불교를 살펴보면서 향후 영상의 일관성을 유지할 것입니다. 특히 이들은 제모를 통해 종교적인 정결함과 경건함을 중요시하였다는 점에서 깊이 있는 설명을 추가하고 기념비적인 장소에서의 인터뷰를 통해 생동감을 담아낼 것입니다. 예를 들어, 불교의 삭발식과 관련된 논의는 실제 사찰에서 촬영하여 더욱 신뢰성을 높이고자 합니다.
중세 시대의 제모에 대한 인식과 르네상스 시대의 새로운 미적 기준에 대한 깊은 탐구도 다룰 것이며, 특히 16세기 이탈리아의 미적 경향과 19세기 산업혁명으로 인해 대중문화 속에서의 제모의 변화를 강조할 것입니다. 이러한 역사적 맥락을 한국의 제모 문화와 비교하여, 한국 사회의 미적 기준의 변화에도 주목하고자 합니다. 예를 들어, 한국에서의 제모 역사에 초점을 두고, 다리와 겨드랑이 털의 제모가 20세기 들어 어떻게 변해왔는지를 분석하는 과정에서 지역의 풍습과 영향을 받았던 사례들을 시청자가 이해하기 쉽게 풀어낼 예정입니다."
77,"AI 뉴스 - o1 풀렸다, 오픈AI AMA, Gemini API 검색 통합, 서치GPT, 이미지 최강 모델 등장, 클로드 업데이트, 마인크래프트 AI 게임 등",tech,long_form,81,"이번 영상에서는 오픈AI O1의 전체 버전이 풀린 소식과 함께 새로운 기능들에 대해 심도 있게 다뤄볼 예정입니다. 영상의 시작 부분에서는 다각적인 접근을 통해 현재 출시된 새로운 AI 모델, 특히 OpanAI의 O1을 직접 사용해보는 데 초점을 맞출 것입니다. 처음에는 모델에 대한 전반적인 설명과 함께 사용 가능한 기능에 대한 간단한 시연을 보여드리며, 이후에는 이미지 설명 기능을 통해 생성될 이미지를 어떻게 받아들일 수 있는지를 실시간으로 시연할 계획입니다. 유저가 AI에게 이미지를 디스크라이브하는 방법과 AI가 그에 대한 답변을 생성하는 과정에서 발생할 수 있는 여러 질문들을 다룰 것입니다. 이런 실시간 데모를 통해 시청자들이 직접 이 기능의 유용성을 이해하고 경험할 수 있도록 할 예정입니다.
중반부부터는 오픈AI의 최신 검색 기능과 데스크탑 앱에 대한 소개를 하며, 어떻게 이러한 시스템들이 실제로 우리의 일상거나 생활 업무에서 도움이 될 수 있는지를 설명합니다. 검색 엔진과의 경쟁에 대한 논의도 포함되어 있습니다. 이 섹션에서는 유용한 사례를 통해, 우리가 찾고 있는 정보를 AI를 통해 얼마나 편리하게 검색할 수 있는지를 보여줄 것입니다. 마지막 부분에서는 오픈AI와 관련된 AMA 세션을 간략히 정리하며, 샘 알트만을 포함한 주요 인물들이 어떤 예측을 하고 있는가에 대한 통찰을 제공하고, 최종적으로 오픈AI의 연간 로드맵에 대한 전문적인 통찰을 공유할 것입니다."
78,나 빼고 다 좋다는 강아지,pet,long_form,95,"이 영상은 반려견, 보통이의 일상과 귀여운 행동을 중심으로 구성됩니다. 초반에는 보통이가 선풍기 바람을 즐기는 모습을 통해, 반려동물의 소소한 행복을 표현합니다. 이를 위해, 카메라는 다양한 앵글에서 보통이를 촬영하면서, 가까이에서 그의 귀여운 표정과 행동을 포착할 것입니다. 후반부에는 보통이의 새로운 산책 장소를 소개하면서 그가 좋아하는 장소와 애정 어린 행동들을 보여줍니다. 이 부분에서는 보통이와의 산책을 함께하며 편안한 분위기를 조성하고, 여러 각도에서 찍은 영상을 통해 보통이가 그늘과 벤치를 어떻게 즐기는지를 집중적으로 담아낼 예정입니다. 또한, 산책 중에 보통이가 주변 환경과 어떻게 소통하는지, 다른 강아지 친구들과의 상호작용을 통해 더 많은 상황을 생생하게 포착할 것입니다. 이러한 구성은 반려견의 삶을 깊이 이해할 수 있도록 하며, 시청자들로 하여금 공감하고 웃음을 자아낼 수 있는 요소를 제공할 것입니다."
79,미국 주식 한다면 무조건 써야할 '필수' 사이트 3개 추천 | 미국 회계사가 직접 추천해드림,economy,long_form,80,"안녕하세요 여러분! 미국 회계사인 제가 오늘 여러분께 미국 주식 투자를 시작하며 반드시 알아야 할 필수 사이트들을 소개해 드리려고 합니다. 이러한 투자 사이트들은 신뢰할 수 있는 정보 제공을 통해 성공적인 투자 결정을 내리는 데 도움을 줄 것입니다. 이번 영상에서는 몇 가지 주요 사이트에 대해 자세히 설명드릴 텐데, 첫 번째로 다룰 사이트는 매크로 트렌드입니다. 매크로 트렌드는 15년치 기업 데이터를 무료로 제공하여 과거와 현재 기업의 재무 상황을 쉽게 파악할 수 있는 유용한 자원입니다. 이 사이트에서는 매출, 순이익, 자산, 부채, 현금 흐름 등 다양한 재무 데이터를 연간 및 분기 단위로 확인할 수 있습니다. 이를 통해 투자자는 기업의 장기적인 변화 추세와 재무 건전성을 분석하여 더 나은 투자 결정을 내릴 수 있게 됩니다. 영상 중에서는 애플 기업의 데이터를 실제로 확인하는 데모를 진행하여, 초보자들도 쉽게 사용할 수 있다는 점을 강조하고 싶습니다.
두 번째로 소개할 사이트는 데이터 로마입니다. 데이터 로마는 기관 투자자들이 어떤 종목에 투자를 하고 있는지를 쉽게 추적할 수 있는 플랫폼입니다. 이곳은 SEC에 제출된 보고서를 기반으로 하며, 사용자들은 유명 투자자들의 포트폴리오를 무료로 확인할 수 있습니다. 이를 통해 투자자들은 그들의 투자 전략과 패턴을 배우고, 어떤 주식이 현재 시장에서 주목받고 있는지를 파악할 수 있습니다. 예를 들어, 특정 종목이 여러 기관 투자자들의 포트폴리오에 반복적으로 등장한다면, 이는 해당 종목에 대한 신뢰도를 높일 수 있는 좋은 신호가 될 것입니다. 마지막으로 밸류 인베스터스 클럽을 통해서도 전문가와의 토론과 깊이 있는 분석을 통해 투자 전략을 향상시킬 수 있습니다. 이영상을 마치면서, 시청자들에게 소개한 사이트들을 활용하여 더욱 효율적이고 전략적인 투자 결정을 내리기를 권장합니다."
80,"[유리기판 2부] 무엇을 대체?? 미래 유리기판이 반도체 칩의 핵심이 될 수밖에 없는 이유 (FC-BGA, Wire Bonding, LCD-TFT, 글래스 코어, 글래스인터포저)",tech,long_form,88,"이번 영상에서는 유리기판의 기술적 중요성과 그 필요성에 대해 깊이 있는 논의를 진행할 계획입니다. 우리가 영상의 시작에서 밝힐 주제는 반도체 산업에서의 기판의 변화와 혁신입니다. 반도체 제조에 있어 기판은 매우 중요한 요소로, 기존의 기판 기술인 플립칩 BGA 방식과 그 한계점을 언급하면서 유리 기판이 왜 필요하게 되었는지에 대한 역사적 배경을 제공할 것입니다.
영상은 여러 가지 섹션으로 구성되며, 첫 번째 섹션에서는 기본적인 반도체 칩의 구조와 동작 원리를 간단하게 설명합니다. 이를 통해 시청자들은 반도체의 기본 이해를 바탕으로 이후 내용에 대한 관심을 가질 수 있도록 합니다. 다음으로, 기존의 기판 기술인 플립칩 BGA와 그것의 문제점을 설명하며, 왜 이러한 기판이 더 이상 효율적이지 않은지를 강조할 것입니다. 다양한 예시와 함께 데이터가 여러 신호를 전달해야 하는 환경에서 발생하는 열 문제와 신호 간섭 문제를 구체적으로 다룰 예정입니다. 그 후 우리는 유리기판의 특성과 그것이 어떻게 이러한 문제를 해결하는지에 대한 과학적 근거를 설명합니다.  또한, 현재 유리기판이 주목받고 있는 이유와 이 기술이 반도체 생산 공정에 있어 가지는 중요성을 강조할 것입니다.
마지막으로, 유리기판의 공정 및 상용화 가능성에 대해 예측하며, 이를 위해 필요한 연구 및 개발의 방향성에 대해 논의할 것입니다. 영상의 끝부분에서는 이 혁신적인 기술이 우리의 삶과 산업에 미치는 영향에 대해 생각해보는 시간을 가지며, 시청자들이 이 기술을 통해 어떤 변화를 기대할 수 있을지를 제시할 것입니다. 이러한 구조는 시청자들이 내용을 쉽게 이해할 수 있도록 도와줄 것입니다."
81,"지금 미국을 충격에 빠트린 퍼프대디 게이트 총정리, 베이비오일 천 통의 비밀, 의문의 죽음들",news,long_form,86,"""이번 비디오에서는 미국의 유명 래퍼이자 사업가인 퍼프 대디(디디)의 충격적인 범죄 혐의를 다룰 것입니다. 비디오는 디디가 겪고 있는 법적 문제와 사회적 논란을 소개하기 위해 여러 각도에서 접근할 예정입니다. 비디오의 구조는 먼저 디디의 배경에 대해 간단히 설명하고, 이후 최근의 법적 문제 및 고발 사건에 대한 시각을 제공할 것입니다. 여기에 디디가 과거에 어떻게 잘나갔는지, 그의 사업적 성공이 어떤 식으로 만들어졌는지에 대한 이야기를 덧붙이면서 그와 함께 성장한 뮤지션들의 이야기와 관련된 사건들을 다룰 것입니다. 이는 현대 음악 산업에서 권력과 성적 착취가 교차하는 지점을 시청자에게 강하게 전달하는 데 중점을 두겠습니다.
또한, 디디의 이전 범죄와 역할 모델로서의 명성을 대조하며 그의 모든 행위가 어떻게 조망되고 있는지를 분석할 것입니다. 촬영은 한국에서 진행되며, 한국의 힙합 문화와 사회적 이슈를 연계하여 글로벌하게 디디의 사건을 분석하는 방식으로 계획하고 있습니다. 이 과정에서 국제적인 시각으로 이 사건을 바라보는 것이 필수적이라고 생각합니다. 그래서 특별히 인터뷰를 통해 한국의 힙합 아티스트들이나 관련 전문가들의 의견도 담을 계획입니다. 또한, 시청자와의 소통을 위해 댓글과 SNS를 통해 의견을 수집하고, 이를 비디오에 반영하여 더 많은 사람들의 목소리를 담고자 합니다."""
82,"대만 교환학생 일기 105 (대만 코스트코 네이후, 다후공원, 아는 형집 방문)",travel,long_form,68,"이 비디오에서는 다양한 경험을 통해 대만에서의 하루를 기록할 것입니다. 영상 초반부에서는, 유튜버가 일어난 순간의 감정과 그 날의 일정을 간략하게 소개하는 장면이 포함됩니다. 유튜버는 기분이 좋지 않다가도 생각을 정리하고, 코스트코에 가서 대만 음식을 비롯한 여러 식사를 시도할 계획을 세웁니다. 온갖 감정이 뒤섞인 날에도 불구하고, 코스트코 푸드코트에서 맛있는 음식을 즐기고 싶다는 의지를 보입니다. 이는 시청자들에게도 일상에서의 작은 행복을 통해 긍정적 에너지를 줄 수 있을 것입니다.
비디오가 진행됨에 따라, 코스트코 내부를 탐방하고 다양한 식품들을 시청자들에게 소개합니다. 여기서는 각 제품의 특징과 가격, 그리고 이를 통한 개인적인 감상도 함께 공유하면 좋습니다. 이후 다후 공원으로의 이동 장면이 담길 예정이며, 공원의 아름다움과 즐길 거리들에 대한 설명이 이어질 것입니다. 다후 공원에서는 프리스를 던지거나 자전거를 타는 사람들의 모습이 담길 것이며, 자연 속에서의 한적한 휴식과 여유를 만끽하는 장면을 담아 시청자들에게도 그 분위기를 느낄 수 있도록 할 것입니다."
83,지금 사기엔 아까운 지는패션 📉 여전히 유행이라 더 고민인 유행템,life_style,long_form,80,"안녕하세요! 여러분이 기다리셨던 2024년 겨울 패션 트렌드에 대한 영상입니다. 이번 영상에서는 현재 유행 중인 다양한 겨울 패션 아이템에 대해 소개해 드릴 예정입니다. 처음으로 소개할 아이템은 ‘바라클라바’입니다. 바라클라바는 처음에는 다소 생소한 아이템으로 느껴졌지만, 연예인들이 착용하면서 대중적인 인기를 얻었습니다. 그러나 이 아이템은 착용 시 얼굴형과 잘 어울리는지 확인이 필수적입니다. 이 점을 강조하며, 미용실이나 친구 등의 도움을 받아 직접 착용해 보는 것이 좋다고 말씀드릴 예정입니다. 또한 이러한 아이템이 자칫 우스꽝스러울 수 있기 때문에, 잘 고민한 후 구입하는 것이 중요하다는 점도 언급할 계획입니다.
이어서, ‘미들 부츠’에 대해서도 다룰 것입니다. 미들 부츠는 종아리 중간에서 뚝 잘리는 기장으로 특히 요즘 유행하고 있으며, 스타일링에 어려움을 겪는 분들이 많습니다. 그럼에도 불구하고, 이러한 부츠를 착용 시 스타일리시하게 연출할 수 있는 방법이나, 양말을 활용하여 더욱 멋진 룩을 만드는 팁들도 공유할 예정입니다. 영상 후반부에는 최근 인기를 끌고 있는 ‘마이크로 미니백’과 다양한 니트 스타일 또한 다룰 것입니다. 이 아이템들은 각각 어떤 용도로 활용되는지, 그리고 어떤 조합이 가장 세련된지를 이야기를 나누며, 여러분들이 쉽게 따라 할 수 있는 스타일링 팁을 제공하려 합니다. 마지막으로, 영상 시청 후에는 꼭 소감이나 피드백을 댓글로 남겨주시길 부탁드립니다."
84,월가 최고의 적중률 Tom Lee의 투자 전략 ㅣ위즈덤 칼리지 하이라이트,economy,long_form,69,"이 비디오에서는 톰 리와의 인터뷰를 통해 투자 결론을 이끌어내는 과정 및 그의 시장 예측의 원칙에 대해 심도 깊은 논의가 진행됩니다. 이를 위해 첫 번째로 인터뷰어가 기본적인 질문으로 시작하여 톰의 전문 영역을 탐색합니다. 톰은 장기적인 S&P 목표를 설정하는 복잡한 과정과 이를 통해 주식 시장의 반응을 예측하는 방법을 공유합니다. 다양한 요소들, 특히 경제 데이터와 채권 리스크가 주식 시장에 미치는 영향에 대한 분석이 중심이 되며, 열띤 논의 속에서 시장의 기본적인 원칙들이 드러납니다. 영상은 톰이 예를 들어 시장의 낙관적인 전망을 유지하던 시점에 비관적인 태도를 보이는 등, 그가 관찰한 컨센서스의 함정과 역행하는 투자 기회를 찾아 나서는 방식으로 진행됩니다. 이 과정에서 톰은 세 가지 발전된 원칙을 설명하며, 장기적인 인구 구조 변화가 경제에 미치는 영향과 기술 발전에 대한 긍정적인 시각, 그리고 사람들의 심리적인 경향을 반영한 투자 결정의 중요성을 강조합니다. 이러한 내용을 토대로 한국 내 투자자들에게 필요한 통찰력을 시청자에게 전달할 것입니다.
촬영은 한국의 유명 금융가 및 투자 관련 장소에서 진행하며, 톰의 주장을 보강할 수 있는 다양한 현지 사례를 인터뷰에 삽입할 것입니다. 특히, 우리는 한국의 금융시장과 미국의 금융시장 간의 상호작용에 대한 분석을 추가하여, 현지 투자자들에게 더 친숙하게 다가갈 수 있도록 할 예정입니다. 이를 통해 투자자들이 각국의 시장에서 겪는 비슷한 상황과 그에 대한 대응 방안을 심도 있게 고민하도록 유도할 것입니다. 또한, 톰의 비전과 그의 독자적인 접근 방식을 비교 분석하는 섹션을 통해 더 많은 가치를 제공하겠습니다. 최종적으로, 이 콘텐츠는 투자자들이 시장과 관련된 다양한 요소를 종합적으로 이해하고 의사결정을 내릴 수 있도록 돕는 것이 목표입니다."
85,OSCP? 충격적인 해킹 자격증 시험 본 이야기,tech,long_form,79,"이번 영상에서는 OSCP, 즉 Offensive Security Certified Professional에 대해 상세히 살펴보려고 합니다. OSCP 자격증은 단순히 해킹 기술의 숙련도를 증명하는 것이 아닌, 실제로 해킹을 할 수 있는 능력을 평가하는 시험입니다. 이 시험은 24시간 동안 진행되며, 응시자는 주어진 IP 주소에서 취약점을 찾아 해킹을 하고, 최종적으로는 루트 권한을 얻어야 합니다. 이 과정에서 수집된 정보를 바탕으로 보고서를 작성하여 제출해야 하며, 이러한 조건이 OSCP의 특별함을 더욱 부각시킵니다.
기존의 자격증 시험과 다른 OSCP의 시험 구조는 매우 독특합니다. 주어진 시간 동안 실제 환경에서 해킹을 진행하고, 그 결과물을 문서화해야 하기 때문에 시험을 준비하는 데 필요한 실제 경험이 무엇보다 중요합니다. 이 영상을 촬영할 때, 저는 스튜디오 환경에서도 실제 해킹을 시뮬레이트하는 과정을 보여줄 것입니다. 카메라 앵글을 조절해, 관객이 실제 해킹 과정이 어떻게 이루어지는지를 생생하게 느낄 수 있도록 할 예정입니다. 또한, OSCP 시험에서 중점적으로 요구되는 통찰력과 문제 해결 능력을 강조하며, 필요한 해킹 도구와 기법에 대한 설명을 구체적으로 더할 것입니다.
시험 준비 과정도 같이 보여주며, 제가 개인적으로 경험했던 OSCP 수험에서의 시행착오와 노력에 대한 이야기도 드릴 것입니다. 이 과정에서 제가 활용했던 학습 자료와 커뮤니티의 도움을 받았던 경험을 공유함으로써, 보안 및 해킹 분야에 관심 있는 이들에게 유익한 정보를 제공하고자 합니다. 예를 들어, 각종 온라인 플랫폼과 자료를 통해 실제 OSCP를 준비하기 전에 알아야 할 팁을 제공할 것입니다. 이를 통해 시청자들이 시험 준비 과정에서 도움이 될 수 있도록 하려는 의도입니다.
마지막으로, 이번 영상에서는 OSCP의 가치와 인증 자격증의 중요성에 관한 이야기 도 나눌 것입니다. OSCP 자격증을 보유하고 있는 것이 어떻게 취업에 유리하게 작용하는지를 설명하며, 직업적 전망까지 이어질 수 있도록 하겠습니다. 이 주제는 해킹이 단순히 범죄일 뿐만 아니라 사이버 보안을 지키기 위한 중요한 요소라는 점을 부각시킬 것입니다. 이를 위해 국내외 다양한 해킹 커뮤니티의 이야기도 다뤄보려고 합니다."
86,[마포 따라가기] 먹자마자 행복충전 양갈비의 유토피아 | 🍜🚶맛따라 멋따라 대명이따라,food_cooking,long_form,93,"이번 영상은 마포의 유명 양고기 집에서 진행될 예정입니다. 첫 번째 장면은 육즙 가득한 양고기를 맛보고 있는 사회자들의 즐거운 모습으로 시작될 것입니다. 마포 지역의 특성과 음식 문화를 소개하기 위해, 우리는 마포의 거리와 상점들을 배경으로 다양한 촬영을 진행할 것입니다. 또한, 그 지역의 내력 있는 음식점들을 들려줄 수 있는 기회를 가지기 위해,_interview도 포함시킬 계획입니다. 영상이 진행됨에 따라 여러 메뉴들을 시각적으로 흥미롭게 보여주고, 각 요리의 조리 과정과 함께 그 맛이 어떻게 경험되는지를 자세히 보여줄 예정입니다.  사회자들의 첫 입에 대한 반응을 포함시키는 것이 관객들이 느끼는 즐거움의 핵심이 될 것입니다. 그들이 고기를 먹고 감탄하는 모습, 음식의 향이 가득 차오르는 순간들을 카메라에 담아낼 것입니다. 나아가, 마포의 직장인들의 회식 문화도 보여줄 수 있는 인터뷰와 생생한 장면을 담아 한국의 또 다른 문화적 측면도 발굴해보려 합니다."
87,마인크래프트 평지에서 100일 생존기,game,long_form,86,"이번 영상에서는 마인크래프트의 평지에서 100일간 살아남기 위한 도전기를 가지고 오고자 합니다. 이 평지에는 리소스가 부족하여 시작하는 것조차 힘든 환경입니다. 영상은 1일째부터 시작하여, 초기 생존 전략, 자원 확보, 그리고 엔더 드래곤을 사냥하는 목표까지 이어지는 구조로 설정할 계획입니다.
영상의 첫 번째 부분에서는 초기 생존을 위해 슬라임을 피하고 식량을 얻는 과정을 담아낼 것입니다. 시청자들이 이 어려운 생존 상황에 공감할 수 있도록 긴박한 상황과 유머를 적절히 조화시켜 다양한 화면 전환과 함께 홈 비디오 느낌을 줄 예정입니다. 이와 더불어 각종 자원을 확보하기 위해 바이옴 탐험을 하며 그 지역의 다양한 특징에 대해 설명할 것 입니다. 이후, 몹 타워를 세우고 철을 모으고, 에메랄드를 구하는 과정도 경험하게 될 것입니다."
88,[#알쓸범잡] '마약'은 무엇? 김상욱 교수님이 설명하는 약물 완전편!🔥 마약의 탄생과 일상 속에 스며든 범죄 스토리,news,long_form,83,"이번 영상에서는 한국의 마약 역사와 그 배경에 대해 심도 있는 탐구를 해보려고 합니다. 영상은 총 3개의 주요 섹션으로 나누어 진행될 예정입니다. 첫 번째 섹션에서는 한국에서의 마약 제조와 유통의 역사, 특히 부산에서 발생한 황금 삼각지대와 같은 마약 밀매의 기원을 다룰 것입니다. 영상의 서두에서 부산의 아름다운 전경을 배경으로 ‘부산이 마약의 중심지로 알려진 이유’를 설명하며 다큐멘터리 스타일로 진행합니다. 이후 실제 사건들을 바탕으로 한국의 마약 밀매의 역사적 사건에 대해 그래픽 자료를 활용하여 시청자들이 이해하기 쉽게 전달할 계획입니다.
두 번째 섹션에서는 영화와 미디어에서 자주 다루어지는 마약과의 연결을 설명하며 ‘마약왕’과 같은 유명한 영화의 실화를 어떻게 다루었는지 측면에서 논의할 것입니다. 이 부분은 인터뷰와 전문가의 의견을 바탕으로 하여 마약 문제를 단순히 범죄로 국한하지 않고 사회적인 문제로 확대 해석할 수 있는 기회를 제공할 것입니다. 마지막으로는 현대 사회에서 마약 사용의 위험성과 그로 인해 초래될 수 있는 문제들을 심도 있게 다룰 것입니다. 특히, 마약에 대한 인식과 사회적 태도 변화, 그리고 그에 따른 법적 규제 등에 대해 논의하며, 인터뷰와 충실한 연구 자료를 바탕으로 권위 있는 주제로 마무리할 예정입니다."
89,후플푸프를 무시하지 말아주세요,movie,long_form,100,"이번 영상에서는 저희가 후플푸프 기숙사에 대해 심층적으로 탐구할 것입니다. 후플푸프는 다른 기숙사에 비해 다소 평범하고 소외된 기분이 들 수 있지만, 실상은 그들이 가진 독특한 가치와 아름다움에 대해 이야기할 것입니다. 영상은 4개 부분으로 나뉘어 진행될 예정입니다. 첫 번째로 후플푸프의 역사와 헬가 후플푸프의 교육 이념을 소개할 것이며, 각 기숙사의 창립자들과의 차별점에 대해 자세히 설명합니다. 두 번째 부분에서는 후플푸프의 주된 가치인 공정함, 정의, 성실함을 각 기숙사의 의인화된 캐릭터들인 세드릭 디고리와 뉴트 스캐맨더를 통해 설명할 것입니다. 이 캐릭터를 통해 후플푸프의 진정한 의미와 가치가 무엇인지 확인하게 될 것입니다.
세 번째 부분에서는 후플푸프 기숙사의 상징 동물인 오소리에 대해 이야기하고, 이 동물이 가진 상징성과 평범함 속의 강인함을 다룰 것입니다. 또한, 후플푸프의 색깔인 노란색과 검은색의 의미를 분석하고, 각각이 학생들에게 미치는 영향을 다룰 것입니다. 마지막으로는 기숙사에서 얻은 교육이 현실 세계에서 어떻게 적용될 수 있는지에 대한 사례를 제시할 예정입니다. 한국에서의 촬영은 후플푸프의 가치를 보여줄 수 있는 장소에서 진행할 것입니다. 주요 장소는 농업이 발달한 지역으로, 곡식의 중요성을 상징하는 풍경을 배경으로 사용할 것입니다. 후플푸프 학생들이 보여주는 성실과 공동체 의식을 실감나게 전달할 수 있을 것입니다."
90,음식에는 다 의미가 있다! 미국을 다시 위대하게 만드는 트럼프식 국빈 만찬 스타일,food_cooking,long_form,94,"이번 영상은 도널드 트럼프 대통령의 첫 번째 국빈 만찬을 중심으로 하여 그 정치적 맥락과 특별한 요리 메뉴를 분석합니다. 저희는 트럼프가 주최한 만찬이 백악관에서 어떻게 진행되었는지, 만찬의 의미가 무엇인지, 그를 통해 양국 간의 외교적 메시지가 어떻게 전달되었는지를 심층적으로 탐구할 예정입니다. 트럼프 대통령이 처음으로 프랑스 대통령 에마뉴엘 마크롱 부부를 초대했을 당시의 상황을 상세히 살펴보겠습니다. 이 만찬에서는 약 6개월 간의 철저한 준비 과정을 거쳐, 특별한 식단이 마련되었습니다. 또한, 만찬장에 사용된 화려한 장식과 테이블 세팅이 어떻게 각국의 문화와 역사를 반영했는지를 설명할 것입니다.
촬영 장소는 주로 백악관 스테이트 다이닝룸에서 이루어질 것입니다. 다양한 각도에서 만찬 준비 장면, 메뉴를 소개할 때의 클로즈업 및 손님들의 반응을 담는 형식으로 촬영할 예정입니다. 인트로 부분에서는 만찬의 역사적 배경을 간략히 소개하고 각각의 코스를 어떻게 구성했는지에 대한 설명을 덧붙일 것입니다. 또한, 저희는 음식과 관련된 문화적 상징성 및 각 요리에 담긴 의미를 시청자에게 전달하여 눈과 입으로 즐길 수 있는 요소를 모두 갖춘 영상을 목표로 하겠습니다. 이를 통해서 시청자들이 정치적 의미뿐만 아니라 요리를 통한 문화 교류의 중요성도 느낄 수 있도록 하겠습니다."
91,나라 먹여살리는 국가별 시총 Top 10 기업 분석,economy,long_form,85,"이번 영상에서는 다양한 나라들의 시가총액을 비교하며 이들 국가의 문화와 산업의 연결성을 분석해보는 코너를 마련하고자 합니다. 특히, 제러드 다이아몬드의 저서 ""총균쇠""에서 제시된, 국가와 민족의 전통적인 먹거리가 문화에 어떻게 영향을 미치는지를 토대로 현대 경제에도 비슷한 패턴이 발견된다는 점에 집중하겠습니다. 우리나라는 2024년 6월 기준 시가 총액에서 삼성전자가 독보적인 1위에 올라 있으며, 이어서 SK하이닉스와 LG에너지솔루션 등의 기업들이 뒤를 잇고 있습니다. 이러한 상위 기업들이 한국 사회에 미치는 영향과, 이를 통해 형성된 문화적 현상들, 예를 들어 교육과 청소년들의 스트레스 문제를 어떻게 연결 지을 수 있는지 이야기하고자 합니다.
이러한 구조를 통해 각국의 기업 순위를 나열하고, 배경에 있는 산업 문화와의 관계도 깊이 있는 내용으로 전달할 것입니다. 일본, 영국, 프랑스 등 다른 나라들과의 비교 분석을 통해 이들 국가의 시가총액을 형성하는 기업들이 어떻게 각국의 전통 산업 및 현대 경제와 연결되어 있는지를 탐구할 것입니다. 이와 함께, 덴마크, 네덜란드, 스위스와 같은 스몰 국가들이 외형적으로 잘 살아보이는 이유는 무엇인지, 그들의 시가총액 10대 기업들이 어떤 산업에 속해 있는지, 그리고 그들이 어떻게 세계 경제에서 독자적인 자리를 차지하고 있는지를 분석할 예정입니다. 이 모든 과정을 통해 새로운 관점의 문화 비교 콘텐츠를 선보이고, 시청자들에게 흥미롭고 교육적인 경험이 될 수 있도록 하겠습니다."
92,이제부터 전략 싸움'! 2025 수능 보고 모의지원 해봤습니다 | 연고티비,education,long_form,99,"이번 영상은 수능을 마친 후의 기분과 함께하는 재미있는 랜덤 뽑기로 시작됩니다. 영상 속 주인공들은 각자의 과목을 뽑고 그것을 풀어보는 형식으로 진행됩니다. 과목 선정 과정에서 시청자들은 긴장감과 흥미를 느낄 수 있으며, 이는 수능이라는 큰 이벤트를 무사히 마친 후의 해소감과 결합되어 더욱 재미있는 상황이 연출됩니다. 뽑기 결과와 각 과목의 난이도를 조합하여, 수능 특히 이과 및 문과 친구들이 뽑기를 통해 어떤 과목을 풀게 될지에 대해 설레는 마음이 전해질 것입니다.
영상의 기본 구조는 각이 서로 다른 과목을 랜덤으로 뽑고 그 과목들을 풀어보는 과정을 담고 있습니다. 뽑기는 유머러스하게 진행되어 긴장을 풀고, 각 친구들의 개성과 능력치를 보여줄 수 있는 기회가 제공됩니다. 각 과목을 풀어보면서 그들의 진솔한 반응과 고생스런 과정이 담기의 완성이 되며, 이로 인해 시청자들은 동질감을 느끼고 더욱 친근하게 다가갈 수 있습니다. 최후의 점수를 추적하고 각 과목별로 누구가 잘 풀었는지를 비교하는 것도 이 프로그램의 특징 중 하나입니다. 점수 발표는 긴장감 넘치게 설정하여 시청자들이 마지막까지 관심을 가지게 됩니다."
93,23년! 전국 1등 팥 폭탄 붕어빵? 과일가게에서 1시간이상 기다려서 먹는 미친 붕어빵집┃Bungeoppang / Korean street food,food_cooking,long_form,95,"이번 브이로그에서는 대한민국의 인기 붕어빵 가게를 소개하려고 합니다. 이 곳은 오픈 전부터 긴 줄을 이루며, 평균 대기시간이 한 시간에 달하는 유명한 집입니다. 평일 오후에 촬영을 계획하며 이 붕어빵 가게에 도착하면, 이미 사장님은 붕어빵 기계 아래에 종이를 깔고 준비를 하는 모습이 보일 것입니다. 이는 항상 흘러넘치는 반죽으로부터 위생을 유지하기 위한 과정으로, 이러한 세심한 준비가 소비자에게 믿음을 주기도 하고 더욱 맛있는 붕어빵을 제공하는 데 큰 도움이 됩니다.
이 영상의 구조는 붕어빵 만드는 과정을 상세히 보여주고, 기다리고 있는 고객들의 반응도 담고 싶습니다. 오픈하자마자 폭풍 주문이 쇄도하는 모습을 담기 위해 사장님과 직원들의 바쁘게 움직이는 모습과 고객들의 기쁜 얼굴을 포착하는 것을 목표로 합니다. 또한, 붕어빵의 다양한 종류인 팥 붕어빵, 슈크림 붕어빵, 고구마 붕어빵, 피자 붕어빵 등을 순차적으로 만드는 과정을 카메라에 담고, 그 맛과 비주얼을 세밀하게 촬영하여 시청자들이 실제로 맛보고 싶게 만드는 효과를 주도록 하겠습니다. 이를 통해 해당 가게의 인기 비결과 고객들과의 소통, 직원들의 노력을 잘 전달할 수 있을 것입니다."
94,"페이커가 던진 ""도란 주사위""는 항상 6이 나온다 (feat. 도란의 장단점 분석)",game,long_form,73,"이번 영상에서는 T1의 새로운 탑 라이너 도란 선수에 대해 깊이 있게 분석해 보겠습니다. 첫 번째로, 도란의 플레이 스타일과 경기력, 팀 내에서의 시너지를 살펴보면서 T1에서 그의 역할이 어떻게 변화할지를 예측하겠습니다. 도란은 각 팀에서 두각을 나타냈지만, T1이라는 메가팀에서 그가 적응하기 위해서는 팀워크와 기존의 플레이 방식에 빠르게 적응해야 할 것입니다. 이 과정에서 시청자들은 도란의 테크니컬한 게임 이해도와 개인적인 피지컬 능력을 감상하게 될 것입니다. 일주일 동안의 훈련 스토리를 담고 팀 동료와의 인터뷰 장면도 추가하여 도란이 T1의 환경에서 어떤 변화를 겪는지를 시청자들에게 보여줄 계획입니다.
두 번째로, 도란의 과거 이력과 그가 LCK에서 경력을 쌓으며 보여준 다양한 프레젠테이션을 포함할 예정입니다. T1 팬으로서의 그리핀과 다른 다수의 팀에서의 도란의 성과를 되짚어 보면서, 왜 그가 많은 팬들에게 사랑받는지 이야기를 나누어 보겠습니다. 팀워크가 중요한 만큼 도란이 가진 능력이 어떻게 팀에 긍정적인 영향을 미칠지를 강조하며, 기존 T1 선수들과의 시너지가 얼마나 긍정적으로 굴러갈지를 조명하겠습니다. 인터뷰 컷과 그리핀 시절의 영상 소스, 도란의 훈련 장면을 넣어 그가 현재 팀과 잘 융화될 수 있는 근거와 지원되는 정보를 제공하겠습니다."
95,정품의 반의 반의 반값; 그냥 정품인데요? 5만원대 압도적 초갓성비·퀄리티의 매직 키보드 찾았습니다,tech,long_form,84,"이 영상은 신제품 구조독에서 출시한 아이패드 프로 11인치용 화이트 매직키보드를 소개하고, 기존의 애플 정품 매직키보드와 비교하는 내용을 중심으로. 저는 이 영상을 통해 시청자들에게 구조독의 매직키보드가 비슷한 디자인과 기능을 가지면서도 더 저렴한 가격에 제공된다는 점을 강조하고 싶습니다. بنابراین, 촬영은 우선 매직키보드의 언박싱으로 시작할 예정입니다. 박스를 열고 다양한 액세서리들과 함께 매직키보드를 소개하며, 한국어로 기본 사용법을 알아보는 시간으로 연출할 것입니다. 현재의 키보드 디자인, 배열 및 재질을 카메라에 안착시켜 상세하게 보여줄 예정입니다. 키보드 환경이 얼마나 사용자 친화적인지 시청자들이 느낄 수 있도록 다양한 각도에서 촬영할 것입니다.
이어서 키보드의 성능과 타건감을 비교하는 시간도 갖겠습니다. 키보드 소음과 키감을 시청자들이 체험하는 것처럼 느낄 수 있도록 타이핑하는 모습을 담아 놓을 예정입니다. 또한 기능 및 특징을 보여주기 위해서는 제품의 화면으로 바뀔 때 다양한 제스처와 반응성을 직접 보여줄 것입니다. 마지막으로, 총평으로는 가격대를 언급하며, 구조독 모델의 가성비와 사용자 리뷰를 통합하여 마무리할 것입니다."
96,강릉 바다 다 뒤져서 🔱물회의 제왕🔱 찾았습니다 | 또간집 EP.57,food_cooking,long_form,76,"이번 영상은 강릉을 주제로 한 여름 특집 2탄으로, 맛있는 음식과 아름다운 자연 경관을 배경으로 촬영할 예정입니다. 영상은 강릉의 대표적인 음식점들을 탐방하며 다양한 맛집을 소개하는 형식으로 구성됩니다. 첫 번째로는 지역 특산물인 오징어 순대를 먹는 장면을 담습니다. 이를 위해 강릉의 유명한 순대 골목에 있는 상점을 선택하고, 촬영 중에 손님과의 인터뷰를 통해 순대에 대한 지역민들의 의견을 들어보는 것을 계획하고 있습니다. 이와 함께 강릉의 풍경을 담고, 지역 주민들의 인터뷰도 함께 진행하여 그들의 삶의 이야기를 들려주고자 합니다.
두 번째는 장칼국수, 옹심이와 같은 또 다른 강릉의 인기 음식들을 소개할 예정입니다. 여기에서는 요리를 준비하는 과정과 음식의 깊은 맛을 시청자들에게 전달하기 위해, 요리사의 인터뷰와 함께 직접 음식이 만들어지는 과정을 촬영합니다. 또한, 촬영 장소도 강릉의 아름다운 경치 속에서 진행하여 시청자들이 마치 그 현장에 있는 듯한 느낌을 받을 수 있도록 할 계획입니다. 강릉의 바다와 함께하는 맛있는 음식들이라는 주제를 강조하여, 시청자들에게 강릉 여행의 매력을 한껏 어필하는 것이 중요하다고 생각합니다."
97,이 둘의 공통점은 무엇일까? 1. 요리를 잘한다 2. 카페를 닫았다 [맛피아와 팝옾카페] EP.01,food_cooking,long_form,81,"이 영상에서는 요리 대결을 중심으로 다양한 재미 있는 이야기들이 펼쳐집니다. 저희는 첫째로, 대결의 주인공들이 만나서 카페 창업과 관련된 아이디어들을 나누는 장면을 열게 될 것입니다. 시작할 때는 카페 열기에 대한 자신의 경험과 실패담을 진지하게 나누며 서로의 생각을 더욱 깊게 공유할 수 있도록 유도하겠습니다. 이때, 각자의 카페 운영 경험이 어떻게 서로 다른지, 그리고 그것이 현재의 그들의 요리 세계관에 어떻게 영향을 미쳤는지를 조명할 머리말로 시작할 것입니다.
각 대결의 마지막에는 요리사들이 예상되는 메뉴에 대해 간단히 설명할 수 있는 짧은 코너를 만들어 유동성을 더할 것입니다. 이런 구조를 통해 시청자들이 경연의 재미를 느낄 수 있도록 하면서도 카페의 색다른 매력과 요리사들의 개성을 보여주고자 합니다. 중간중간 흥미로움을 더하기 위해 시청자들이 좋아할 만한 질문과 의견도 댓글로 받아 소통하는 방식으로, 영상의 분위기를 한층 살아나게 만드는 요소로 작용할 것입니다. 대결을 통해 발생하는 긴장감과 함께, 두 요리사 간의 독특한 케미를 통해 보는 즐거움을 더할 계획입니다."
98,활동 시즌에 떡볶이 흡입한 아이돌ㅣ워크돌ㅣ청년다방ㅣ엔믹스 해원,food_cooking,long_form,86,"이 영상은 한국의 다양한 면 요리를 소개하는 흥미진진한 콘텐츠로, 특히 맛있는 국물 요리가 저절로 끌리게 되는 면발을 중심으로 구성될 예정입니다. 촬영은 서울의 인기 음식 거리와 전통 시장에서 이동식 카메라로 이루어질 것입니다. 첫 번째 섹션에서는 주방의 조리 과정을 통해 국물의 심오한 맛을 어떻게 이끌어내는지 보여줍니다. 생선과 면을 활용한 다채로운 요리법을 소개하며, 실제로 조리하는 모습을 담아내어 시청자가 재료가 어떻게 변하는지를 생생하게 느낄 수 있도록 할 것입니다. 조리된 음식을 시식하는 장면도 빼놓을 수 없으며, 이는 음식의 맛과 식감을 즉각적으로 전할 수 있는 방법입니다. 주변 친구들이나 요리사들과 함께 다양한 반응을 모아 재미있는 상황들을 연출하고, 국물의 깊이와 향의 완벽한 조화를 보여주기 위해 적절한 BGM을 삽입할 예정입니다. 동적인 편집과 빠른 컷을 사용하여 점점 고조되는 음식을 즐기는 분위기를 조성할 것입니다. 또한 이 과정에서 숙련된 셰프의 인터뷰를 삽입하여 그들의 팁과 비법을 들려주는 것도 중요한 요소입니다.
다음 섹션에서는 가자미와 같은 다양한 생선을 사용하여 시청자들을 유혹하는 음식을 추가할 것입니다. 이 과정에서는 친구들과의 쾌활한 먹방의 문화를 담아내어, 소소한 농담과 힘든 다이어트 일정을 웃음으로 넘기는 사람들의 진솔한 대화가 이어질 것입니다. 이러한 구성을 통해 단순히 먹는 모습에서 그치는 것이 아니라, 음식에 대한 정성과 인류의 기본적인 즐거움을 되새기는 시간이 될 것입니다. 영상의 마지막 부분에서는 직접 조리한 음식이 제공되는 장면과 함께 시청자들에게 요리에 담긴 애정과 노력을 전하고, 따라 하기 쉬운 레시피를 강조하면서 방문한 이 장소의 특성을 공유할 것입니다. 전체적으로 이 영상은 면발과 국물의 조화, 그리고 친구들과 나누는 맛있는 순간을 강조하는 형식으로 진행되며 시청자들에게 시각적, 감각적 기쁨을 안겨 줄 것입니다."
99,예의 바른 아이로 키우고 싶다면? 먼저 아이의 마음을 읽어주세요! 오은영의버킷리스트,education,long_form,90,"이 영상은 어린아이와의 의사소통을 다루는 주제를 중심으로 진행됩니다. 아이가 감정을 표현할 때, 그리고 부모가 이를 어떻게 받아들이고 관리해야 하는지를 집중적으로 이야기하죠. 여러 가지 상황 사례를 통해 아이가 스스로 감정을 표현하고, 이로 인해 발생하는 행동에 대한 부모의 이해와 반응을 강조하고 있습니다. 예를 들어, 첫째 아이가 고집을 부릴 때 어떻게 대처해야 하는지에 대한 조언을 담고 있습니다. 이 영상은 필드에서 촬영하는 것이 아니라 스튜디오에서 진행될 예정이며, 강사가 시청자와의 소통을 고려해 실제 사례를 인용하며 이야기할 것입니다. 촬영을 통해孩子们的自然情感表达到家长理解感情表达的重要性以外，也将建议家长更多关注孩子的情感和感受，而不是单纯地让孩子顺从于父母的权威。기본적으로 촬영 시 다양한 배경 음악과 함께 애니메이션을 활용하여 등장인물의 표정 변화와 같은 요소를 통해 이야기의 흐름을 더욱 생생하게 전하고자 합니다. 이는 시청자들이 자연스럽고 친근하게 느낄 수 있도록 하며, 아이의 감정을 더 깊이 이해할 수 있는 기회를 제공할 것입니다."
100,친절한 우재씨가 가을 옷 싸악 정해드립니다 | 살까요? 말까요? 의류 편,life_style,long_form,76,"이번 영상은 '살까요 말까요' 시리즈의 의류 편으로, 다양한 패션 아이템에 대한 고민을 다룹니다. 촬영 시에는 한국의 다양한 패션 매장이나 트렌드를 반영하여 촬영을 진행할 계획입니다. 예를 들어, 서울의 패션 핫플레이스인 홍대나 가로수길에서 다양한 브랜드와 아이템을 중심으로 촬영하게 될 것입니다. 영상에서는 시청자들이 최근 주목하는 의류 아이템들을 살펴보며, 다양한 추천과 고민을 포괄적으로 다뤄보고자 합니다. 패션 전문가의 관점에서는 어떤 스타일이 지금의 트렌드에 적합한지, 어떤 아이템을 선택하는 것이 더 유익할지를 구체적으로 설명할 것입니다. 예를 들어, 클래식한 무드의 애슬레저 룩이나 패셔너블한 스트리트 스타일 등을 소개하며, 각각의 스타일에 맞는 코디 방법과 어울리는 아이템들도 함께 제안할 것입니다. 그 과정에서 시청자들로부터 질문을 받아 답변하는 형식을 통해 더욱 밀접하게 소통할 예정입니다."
